{
  "experiment_info": {
    "type": "single_model_grid_search",
    "model_name": "Bagging",
    "n_components": 20,
    "ratio": "x2",
    "version": 1,
    "suffix": "x2_v1_20_Bagging",
    "timestamp": "2025-07-04T10:13:45.530568"
  },
  "pca_info": {
    "n_components": 20,
    "explained_variance_ratio": 0.32941789810531014
  },
  "metrics": {
    "train": {
      "f1": 1.0,
      "f1_score": 1.0,
      "precision": 1.0,
      "recall": 1.0,
      "accuracy": 1.0,
      "classification_report": {
        "0": {
          "precision": 1.0,
          "recall": 1.0,
          "f1-score": 1.0,
          "support": 20549.0
        },
        "1": {
          "precision": 1.0,
          "recall": 1.0,
          "f1-score": 1.0,
          "support": 10250.0
        },
        "accuracy": 1.0,
        "macro avg": {
          "precision": 1.0,
          "recall": 1.0,
          "f1-score": 1.0,
          "support": 30799.0
        },
        "weighted avg": {
          "precision": 1.0,
          "recall": 1.0,
          "f1-score": 1.0,
          "support": 30799.0
        }
      },
      "y_pred": "[0 1 0 ... 0 1 0]",
      "y_pred_proba": "[[9.99991078e-01 8.92160143e-06]\n [0.00000000e+00 1.00000000e+00]\n [1.00000000e+00 0.00000000e+00]\n ...\n [9.98311062e-01 1.68893838e-03]\n [0.00000000e+00 1.00000000e+00]\n [1.00000000e+00 0.00000000e+00]]",
      "auc_roc": 0.9999999999999999,
      "tpr": 1.0,
      "fpr": 0.0,
      "g_mean": 1.0
    },
    "test": {
      "f1": 0.9929888331233019,
      "f1_score": 0.9906542056074766,
      "precision": 0.9964747356051704,
      "recall": 0.9849012775842044,
      "accuracy": 0.9937662337662337,
      "classification_report": {
        "0": {
          "precision": 0.9924227705459491,
          "recall": 0.9982411569278874,
          "f1-score": 0.995323460639127,
          "support": 5117.0
        },
        "1": {
          "precision": 0.9964747356051704,
          "recall": 0.9849012775842044,
          "f1-score": 0.9906542056074766,
          "support": 2583.0
        },
        "accuracy": 0.9937662337662337,
        "macro avg": {
          "precision": 0.9944487530755597,
          "recall": 0.9915712172560459,
          "f1-score": 0.9929888331233019,
          "support": 7700.0
        },
        "weighted avg": {
          "precision": 0.993782020643088,
          "recall": 0.9937662337662337,
          "f1-score": 0.9937571378148733,
          "support": 7700.0
        }
      },
      "y_pred": "[1 0 0 ... 1 0 0]",
      "y_pred_proba": "[[5.00000000e-02 9.50000000e-01]\n [1.00000000e+00 0.00000000e+00]\n [9.99991078e-01 8.92160143e-06]\n ...\n [0.00000000e+00 1.00000000e+00]\n [1.00000000e+00 0.00000000e+00]\n [9.90000000e-01 1.00000000e-02]]",
      "auc_roc": 0.9981193460556845,
      "tpr": 0.9849012775842044,
      "fpr": 0.0017588430721125659,
      "g_mean": 0.991548783870673
    }
  },
  "model_info": {
    "best_params": {
      "n_estimators": 100,
      "estimator__max_depth": 20
    },
    "best_cv_score": 0.9859757884448275,
    "trained_model": "BaggingClassifier(estimator=DecisionTreeClassifier(max_depth=20),\n                  n_estimators=100, n_jobs=-1, random_state=0)"
  },
  "paths": {
    "plots": {}
  },
  "additional_info": {}
}