{
  "experiment_info": {
    "type": "single_model_grid_search",
    "model_name": "Bagging",
    "n_components": 100,
    "ratio": "x2",
    "version": 1,
    "suffix": "x2_v1_100_Bagging",
    "timestamp": "2025-07-04T11:53:12.647092"
  },
  "pca_info": {
    "n_components": 100,
    "explained_variance_ratio": 0.6139422640617337
  },
  "metrics": {
    "train": {
      "f1": 1.0,
      "f1_score": 1.0,
      "precision": 1.0,
      "recall": 1.0,
      "accuracy": 1.0,
      "classification_report": {
        "0": {
          "precision": 1.0,
          "recall": 1.0,
          "f1-score": 1.0,
          "support": 20549.0
        },
        "1": {
          "precision": 1.0,
          "recall": 1.0,
          "f1-score": 1.0,
          "support": 10250.0
        },
        "accuracy": 1.0,
        "macro avg": {
          "precision": 1.0,
          "recall": 1.0,
          "f1-score": 1.0,
          "support": 30799.0
        },
        "weighted avg": {
          "precision": 1.0,
          "recall": 1.0,
          "f1-score": 1.0,
          "support": 30799.0
        }
      },
      "y_pred": "[0 1 0 ... 0 1 0]",
      "y_pred_proba": "[[0.99 0.01]\n [0.   1.  ]\n [1.   0.  ]\n ...\n [1.   0.  ]\n [0.   1.  ]\n [1.   0.  ]]",
      "auc_roc": 1.0,
      "tpr": 1.0,
      "fpr": 0.0,
      "g_mean": 1.0
    },
    "test": {
      "f1": 0.9921093645863728,
      "f1_score": 0.9894777864380359,
      "precision": 0.9960768928991761,
      "recall": 0.9829655439411537,
      "accuracy": 0.992987012987013,
      "classification_report": {
        "0": {
          "precision": 0.9914579693263444,
          "recall": 0.998045729919875,
          "f1-score": 0.9947409427347098,
          "support": 5117.0
        },
        "1": {
          "precision": 0.9960768928991761,
          "recall": 0.9829655439411537,
          "f1-score": 0.9894777864380359,
          "support": 2583.0
        },
        "accuracy": 0.992987012987013,
        "macro avg": {
          "precision": 0.9937674311127602,
          "recall": 0.9905056369305143,
          "f1-score": 0.9921093645863728,
          "support": 7700.0
        },
        "weighted avg": {
          "precision": 0.9930074082339578,
          "recall": 0.992987012987013,
          "f1-score": 0.9929753930315529,
          "support": 7700.0
        }
      },
      "y_pred": "[1 0 0 ... 1 0 0]",
      "y_pred_proba": "[[0.   1.  ]\n [1.   0.  ]\n [0.98 0.02]\n ...\n [0.   1.  ]\n [1.   0.  ]\n [1.   0.  ]]",
      "auc_roc": 0.9983403836104303,
      "tpr": 0.9829655439411537,
      "fpr": 0.0019542700801250734,
      "g_mean": 0.9904769375350623
    }
  },
  "model_info": {
    "best_params": {
      "n_estimators": 100,
      "estimator__max_depth": null
    },
    "best_cv_score": 0.9846399191310056,
    "trained_model": "BaggingClassifier(estimator=DecisionTreeClassifier(), n_estimators=100,\n                  n_jobs=-1, random_state=0)"
  },
  "paths": {
    "plots": {}
  },
  "additional_info": {}
}