{
  "experiment_info": {
    "type": "single_model_grid_search",
    "model_name": "XGBoost",
    "n_components": 20,
    "ratio": "x2",
    "version": 1,
    "suffix": "x2_v1_20_XGBoost",
    "timestamp": "2025-07-05T06:12:00.384294"
  },
  "pca_info": {
    "n_components": 20,
    "explained_variance_ratio": 0.3343219629952956
  },
  "metrics": {
    "train": {
      "f1": 1.0,
      "f1_score": 1.0,
      "precision": 1.0,
      "recall": 1.0,
      "accuracy": 1.0,
      "classification_report": {
        "0": {
          "precision": 1.0,
          "recall": 1.0,
          "f1-score": 1.0,
          "support": 20549.0
        },
        "1": {
          "precision": 1.0,
          "recall": 1.0,
          "f1-score": 1.0,
          "support": 10250.0
        },
        "accuracy": 1.0,
        "macro avg": {
          "precision": 1.0,
          "recall": 1.0,
          "f1-score": 1.0,
          "support": 30799.0
        },
        "weighted avg": {
          "precision": 1.0,
          "recall": 1.0,
          "f1-score": 1.0,
          "support": 30799.0
        }
      },
      "y_pred": "[0 1 0 ... 0 1 0]",
      "y_pred_proba": "[[9.9999952e-01 4.8335227e-07]\n [0.0000000e+00 1.0000000e+00]\n [9.9999601e-01 3.9824931e-06]\n ...\n [9.9997222e-01 2.7751361e-05]\n [1.1920929e-07 9.9999988e-01]\n [9.9999648e-01 3.5000101e-06]]",
      "auc_roc": 1.0,
      "tpr": 1.0,
      "fpr": 0.0,
      "g_mean": 1.0
    },
    "test": {
      "f1": 0.9948921548141441,
      "f1_score": 0.9931972789115646,
      "precision": 0.9972677595628415,
      "recall": 0.989159891598916,
      "accuracy": 0.9954545454545455,
      "classification_report": {
        "0": {
          "precision": 0.9945504087193461,
          "recall": 0.9986320109439124,
          "f1-score": 0.9965870307167235,
          "support": 5117.0
        },
        "1": {
          "precision": 0.9972677595628415,
          "recall": 0.989159891598916,
          "f1-score": 0.9931972789115646,
          "support": 2583.0
        },
        "accuracy": 0.9954545454545455,
        "macro avg": {
          "precision": 0.9959090841410938,
          "recall": 0.9938959512714143,
          "f1-score": 0.9948921548141441,
          "support": 7700.0
        },
        "weighted avg": {
          "precision": 0.9954619564113912,
          "recall": 0.9954545454545455,
          "f1-score": 0.9954499230657202,
          "support": 7700.0
        }
      },
      "y_pred": "[1 0 0 ... 1 0 0]",
      "y_pred_proba": "[[3.8146973e-06 9.9999619e-01]\n [9.9998009e-01 1.9899222e-05]\n [9.9999988e-01 1.1126632e-07]\n ...\n [7.1525574e-07 9.9999928e-01]\n [9.9999940e-01 5.9842546e-07]\n [9.9999344e-01 6.5331060e-06]]",
      "auc_roc": 0.9991486100963358,
      "tpr": 0.989159891598916,
      "fpr": 0.0013679890560875513,
      "g_mean": 0.993884667198608
    }
  },
  "model_info": {
    "best_params": {
      "learning_rate": 0.2,
      "max_depth": 5,
      "n_estimators": 300
    },
    "best_cv_score": 0.9909752451345722,
    "trained_model": "XGBClassifier(base_score=None, booster=None, callbacks=None,\n              colsample_bylevel=None, colsample_bynode=None,\n              colsample_bytree=None, device=None, early_stopping_rounds=None,\n              enable_categorical=False, eval_metric='logloss',\n              feature_types=None, feature_weights=None, gamma=None,\n              grow_policy=None, importance_type=None,\n              interaction_constraints=None, learning_rate=0.2, max_bin=None,\n              max_cat_threshold=None, max_cat_to_onehot=None,\n              max_delta_step=None, max_depth=5, max_leaves=None,\n              min_child_weight=None, missing=nan, monotone_constraints=None,\n              multi_strategy=None, n_estimators=300, n_jobs=-1,\n              num_parallel_tree=None, ...)"
  },
  "paths": {
    "plots": {}
  },
  "additional_info": {}
}