{
  "experiment_info": {
    "type": "single_model_grid_search",
    "model_name": "XGBoost",
    "n_components": 200,
    "ratio": "x2",
    "version": 1,
    "suffix": "x2_v1_200_XGBoost",
    "timestamp": "2025-07-05T10:04:56.027724"
  },
  "pca_info": {
    "n_components": 200,
    "explained_variance_ratio": 0.7484187590155952
  },
  "metrics": {
    "train": {
      "f1": 1.0,
      "f1_score": 1.0,
      "precision": 1.0,
      "recall": 1.0,
      "accuracy": 1.0,
      "classification_report": {
        "0": {
          "precision": 1.0,
          "recall": 1.0,
          "f1-score": 1.0,
          "support": 20549.0
        },
        "1": {
          "precision": 1.0,
          "recall": 1.0,
          "f1-score": 1.0,
          "support": 10250.0
        },
        "accuracy": 1.0,
        "macro avg": {
          "precision": 1.0,
          "recall": 1.0,
          "f1-score": 1.0,
          "support": 30799.0
        },
        "weighted avg": {
          "precision": 1.0,
          "recall": 1.0,
          "f1-score": 1.0,
          "support": 30799.0
        }
      },
      "y_pred": "[0 1 0 ... 0 1 0]",
      "y_pred_proba": "[[9.9999982e-01 1.7169121e-07]\n [8.7022781e-06 9.9999130e-01]\n [9.9997026e-01 2.9755716e-05]\n ...\n [9.9957979e-01 4.2020250e-04]\n [4.7683716e-07 9.9999952e-01]\n [9.9997640e-01 2.3625911e-05]]",
      "auc_roc": 1.0,
      "tpr": 1.0,
      "fpr": 0.0,
      "g_mean": 1.0
    },
    "test": {
      "f1": 0.9954767843540928,
      "f1_score": 0.9939770740237032,
      "precision": 0.9976599063962559,
      "recall": 0.9903213317847465,
      "accuracy": 0.995974025974026,
      "classification_report": {
        "0": {
          "precision": 0.995132398753894,
          "recall": 0.998827437951925,
          "f1-score": 0.9969764946844826,
          "support": 5117.0
        },
        "1": {
          "precision": 0.9976599063962559,
          "recall": 0.9903213317847465,
          "f1-score": 0.9939770740237032,
          "support": 2583.0
        },
        "accuracy": 0.995974025974026,
        "macro avg": {
          "precision": 0.996396152575075,
          "recall": 0.9945743848683357,
          "f1-score": 0.9954767843540928,
          "support": 7700.0
        },
        "weighted avg": {
          "precision": 0.9959802626811955,
          "recall": 0.995974025974026,
          "f1-score": 0.9959703253900939,
          "support": 7700.0
        }
      },
      "y_pred": "[1 0 0 ... 1 0 0]",
      "y_pred_proba": "[[1.2874603e-05 9.9998713e-01]\n [9.9999881e-01 1.2031105e-06]\n [9.9999380e-01 6.2073168e-06]\n ...\n [1.4197826e-04 9.9985802e-01]\n [9.9999058e-01 9.4348688e-06]\n [9.9991000e-01 8.9994595e-05]]",
      "auc_roc": 0.9994942200741139,
      "tpr": 0.9903213317847465,
      "fpr": 0.001172562048075044,
      "g_mean": 0.9945652912582946
    }
  },
  "model_info": {
    "best_params": {
      "learning_rate": 0.2,
      "max_depth": 3,
      "n_estimators": 300
    },
    "best_cv_score": 0.9910225206324759,
    "trained_model": "XGBClassifier(base_score=None, booster=None, callbacks=None,\n              colsample_bylevel=None, colsample_bynode=None,\n              colsample_bytree=None, device=None, early_stopping_rounds=None,\n              enable_categorical=False, eval_metric='logloss',\n              feature_types=None, feature_weights=None, gamma=None,\n              grow_policy=None, importance_type=None,\n              interaction_constraints=None, learning_rate=0.2, max_bin=None,\n              max_cat_threshold=None, max_cat_to_onehot=None,\n              max_delta_step=None, max_depth=3, max_leaves=None,\n              min_child_weight=None, missing=nan, monotone_constraints=None,\n              multi_strategy=None, n_estimators=300, n_jobs=-1,\n              num_parallel_tree=None, ...)"
  },
  "paths": {
    "plots": {}
  },
  "additional_info": {}
}