{
  "experiment_info": {
    "type": "single_model_grid_search",
    "model_name": "XGBoost",
    "n_components": 100,
    "ratio": "x2",
    "version": 1,
    "suffix": "x2_v1_100_XGBoost",
    "timestamp": "2025-07-05T07:48:52.091353"
  },
  "pca_info": {
    "n_components": 100,
    "explained_variance_ratio": 0.5978343070278438
  },
  "metrics": {
    "train": {
      "f1": 1.0,
      "f1_score": 1.0,
      "precision": 1.0,
      "recall": 1.0,
      "accuracy": 1.0,
      "classification_report": {
        "0": {
          "precision": 1.0,
          "recall": 1.0,
          "f1-score": 1.0,
          "support": 20549.0
        },
        "1": {
          "precision": 1.0,
          "recall": 1.0,
          "f1-score": 1.0,
          "support": 10250.0
        },
        "accuracy": 1.0,
        "macro avg": {
          "precision": 1.0,
          "recall": 1.0,
          "f1-score": 1.0,
          "support": 30799.0
        },
        "weighted avg": {
          "precision": 1.0,
          "recall": 1.0,
          "f1-score": 1.0,
          "support": 30799.0
        }
      },
      "y_pred": "[0 1 0 ... 0 1 0]",
      "y_pred_proba": "[[9.9999911e-01 8.7409063e-07]\n [1.1444092e-05 9.9998856e-01]\n [9.9996966e-01 3.0317931e-05]\n ...\n [9.9990672e-01 9.3251510e-05]\n [3.5762787e-07 9.9999964e-01]\n [9.9996626e-01 3.3732689e-05]]",
      "auc_roc": 1.0,
      "tpr": 1.0,
      "fpr": 0.0,
      "g_mean": 1.0
    },
    "test": {
      "f1": 0.9951858952072261,
      "f1_score": 0.9935909885414643,
      "precision": 0.9968823070927514,
      "recall": 0.9903213317847465,
      "accuracy": 0.9957142857142857,
      "classification_report": {
        "0": {
          "precision": 0.9951305025321386,
          "recall": 0.9984365839359,
          "f1-score": 0.996780801872988,
          "support": 5117.0
        },
        "1": {
          "precision": 0.9968823070927514,
          "recall": 0.9903213317847465,
          "f1-score": 0.9935909885414643,
          "support": 2583.0
        },
        "accuracy": 0.9957142857142857,
        "macro avg": {
          "precision": 0.9960064048124451,
          "recall": 0.9943789578603233,
          "f1-score": 0.9951858952072261,
          "support": 7700.0
        },
        "weighted avg": {
          "precision": 0.9957181533347442,
          "recall": 0.9957142857142857,
          "f1-score": 0.9957107644917769,
          "support": 7700.0
        }
      },
      "y_pred": "[1 0 0 ... 1 0 0]",
      "y_pred_proba": "[[3.21865082e-06 9.99996781e-01]\n [9.99998510e-01 1.48390825e-06]\n [9.99999642e-01 3.69478670e-07]\n ...\n [1.50203705e-05 9.99984980e-01]\n [9.99976397e-01 2.35759435e-05]\n [9.99980748e-01 1.92505049e-05]]",
      "auc_roc": 0.9995209276752863,
      "tpr": 0.9903213317847465,
      "fpr": 0.0015634160641000586,
      "g_mean": 0.9943706791262569
    }
  },
  "model_info": {
    "best_params": {
      "learning_rate": 0.2,
      "max_depth": 3,
      "n_estimators": 300
    },
    "best_cv_score": 0.9916099839831647,
    "trained_model": "XGBClassifier(base_score=None, booster=None, callbacks=None,\n              colsample_bylevel=None, colsample_bynode=None,\n              colsample_bytree=None, device=None, early_stopping_rounds=None,\n              enable_categorical=False, eval_metric='logloss',\n              feature_types=None, feature_weights=None, gamma=None,\n              grow_policy=None, importance_type=None,\n              interaction_constraints=None, learning_rate=0.2, max_bin=None,\n              max_cat_threshold=None, max_cat_to_onehot=None,\n              max_delta_step=None, max_depth=3, max_leaves=None,\n              min_child_weight=None, missing=nan, monotone_constraints=None,\n              multi_strategy=None, n_estimators=300, n_jobs=-1,\n              num_parallel_tree=None, ...)"
  },
  "paths": {
    "plots": {}
  },
  "additional_info": {}
}