{
  "experiment_info": {
    "type": "single_model_grid_search",
    "model_name": "XGBoost",
    "n_components": 50,
    "ratio": "x2",
    "version": 1,
    "suffix": "x2_v1_50_XGBoost",
    "timestamp": "2025-07-05T06:44:37.812910"
  },
  "pca_info": {
    "n_components": 50,
    "explained_variance_ratio": 0.4669717346409006
  },
  "metrics": {
    "train": {
      "f1": 1.0,
      "f1_score": 1.0,
      "precision": 1.0,
      "recall": 1.0,
      "accuracy": 1.0,
      "classification_report": {
        "0": {
          "precision": 1.0,
          "recall": 1.0,
          "f1-score": 1.0,
          "support": 20549.0
        },
        "1": {
          "precision": 1.0,
          "recall": 1.0,
          "f1-score": 1.0,
          "support": 10250.0
        },
        "accuracy": 1.0,
        "macro avg": {
          "precision": 1.0,
          "recall": 1.0,
          "f1-score": 1.0,
          "support": 30799.0
        },
        "weighted avg": {
          "precision": 1.0,
          "recall": 1.0,
          "f1-score": 1.0,
          "support": 30799.0
        }
      },
      "y_pred": "[0 1 0 ... 0 1 0]",
      "y_pred_proba": "[[9.9999857e-01 1.4444829e-06]\n [9.5367432e-06 9.9999046e-01]\n [9.9997789e-01 2.2101543e-05]\n ...\n [9.9906009e-01 9.3987980e-04]\n [1.6689301e-06 9.9999833e-01]\n [9.9999446e-01 5.5594960e-06]]",
      "auc_roc": 1.0,
      "tpr": 1.0,
      "fpr": 0.0,
      "g_mean": 1.0
    },
    "test": {
      "f1": 0.995770240446014,
      "f1_score": 0.9943700252378179,
      "precision": 0.9972741433021807,
      "recall": 0.9914827719705769,
      "accuracy": 0.9962337662337662,
      "classification_report": {
        "0": {
          "precision": 0.9957131722525331,
          "recall": 0.9986320109439124,
          "f1-score": 0.9971704556542101,
          "support": 5117.0
        },
        "1": {
          "precision": 0.9972741433021807,
          "recall": 0.9914827719705769,
          "f1-score": 0.9943700252378179,
          "support": 2583.0
        },
        "accuracy": 0.9962337662337662,
        "macro avg": {
          "precision": 0.9964936577773569,
          "recall": 0.9950573914572447,
          "f1-score": 0.995770240446014,
          "support": 7700.0
        },
        "weighted avg": {
          "precision": 0.9962368070864603,
          "recall": 0.9962337662337662,
          "f1-score": 0.9962310385418022,
          "support": 7700.0
        }
      },
      "y_pred": "[1 0 0 ... 1 0 0]",
      "y_pred_proba": "[[2.0027161e-05 9.9997997e-01]\n [9.9999714e-01 2.8330530e-06]\n [9.9999791e-01 2.0768666e-06]\n ...\n [1.8119812e-05 9.9998188e-01]\n [9.9999028e-01 9.7253514e-06]\n [9.9997771e-01 2.2304474e-05]]",
      "auc_roc": 0.9994884699956746,
      "tpr": 0.9914827719705769,
      "fpr": 0.0013679890560875513,
      "g_mean": 0.995050970749349
    }
  },
  "model_info": {
    "best_params": {
      "learning_rate": 0.2,
      "max_depth": 3,
      "n_estimators": 300
    },
    "best_cv_score": 0.991516388000728,
    "trained_model": "XGBClassifier(base_score=None, booster=None, callbacks=None,\n              colsample_bylevel=None, colsample_bynode=None,\n              colsample_bytree=None, device=None, early_stopping_rounds=None,\n              enable_categorical=False, eval_metric='logloss',\n              feature_types=None, feature_weights=None, gamma=None,\n              grow_policy=None, importance_type=None,\n              interaction_constraints=None, learning_rate=0.2, max_bin=None,\n              max_cat_threshold=None, max_cat_to_onehot=None,\n              max_delta_step=None, max_depth=3, max_leaves=None,\n              min_child_weight=None, missing=nan, monotone_constraints=None,\n              multi_strategy=None, n_estimators=300, n_jobs=-1,\n              num_parallel_tree=None, ...)"
  },
  "paths": {
    "plots": {}
  },
  "additional_info": {}
}