{
  "experiment_info": {
    "type": "single_model_grid_search",
    "model_name": "XGBoost",
    "n_components": 500,
    "ratio": "x2",
    "version": 1,
    "suffix": "x2_v1_500_XGBoost",
    "timestamp": "2025-07-05T20:00:10.724912"
  },
  "pca_info": {
    "n_components": 500,
    "explained_variance_ratio": 0.9637731264587506
  },
  "metrics": {
    "train": {
      "f1": 1.0,
      "f1_score": 1.0,
      "precision": 1.0,
      "recall": 1.0,
      "accuracy": 1.0,
      "classification_report": {
        "0": {
          "precision": 1.0,
          "recall": 1.0,
          "f1-score": 1.0,
          "support": 20549.0
        },
        "1": {
          "precision": 1.0,
          "recall": 1.0,
          "f1-score": 1.0,
          "support": 10250.0
        },
        "accuracy": 1.0,
        "macro avg": {
          "precision": 1.0,
          "recall": 1.0,
          "f1-score": 1.0,
          "support": 30799.0
        },
        "weighted avg": {
          "precision": 1.0,
          "recall": 1.0,
          "f1-score": 1.0,
          "support": 30799.0
        }
      },
      "y_pred": "[0 1 0 ... 0 1 0]",
      "y_pred_proba": "[[9.9999934e-01 6.6505760e-07]\n [5.9604645e-07 9.9999940e-01]\n [9.9999815e-01 1.8600217e-06]\n ...\n [9.9836910e-01 1.6309184e-03]\n [0.0000000e+00 1.0000000e+00]\n [9.9999297e-01 7.0292726e-06]]",
      "auc_roc": 1.0,
      "tpr": 1.0,
      "fpr": 0.0,
      "g_mean": 1.0
    },
    "test": {
      "f1": 0.9957669651572324,
      "f1_score": 0.9943612677425627,
      "precision": 0.998828125,
      "recall": 0.9899341850561363,
      "accuracy": 0.9962337662337662,
      "classification_report": {
        "0": {
          "precision": 0.9949416342412452,
          "recall": 0.9994137189759624,
          "f1-score": 0.9971726625719021,
          "support": 5117.0
        },
        "1": {
          "precision": 0.998828125,
          "recall": 0.9899341850561363,
          "f1-score": 0.9943612677425627,
          "support": 2583.0
        },
        "accuracy": 0.9962337662337662,
        "macro avg": {
          "precision": 0.9968848796206226,
          "recall": 0.9946739520160494,
          "f1-score": 0.9957669651572324,
          "support": 7700.0
        },
        "weighted avg": {
          "precision": 0.9962453752321366,
          "recall": 0.9962337662337662,
          "f1-score": 0.9962295673973328,
          "support": 7700.0
        }
      },
      "y_pred": "[1 0 0 ... 1 0 0]",
      "y_pred_proba": "[[4.7683716e-07 9.9999952e-01]\n [9.9999416e-01 5.8318037e-06]\n [9.9999982e-01 1.8205563e-07]\n ...\n [3.8146973e-06 9.9999619e-01]\n [9.9999225e-01 7.7693076e-06]\n [9.9969620e-01 3.0380671e-04]]",
      "auc_roc": 0.9995240296912866,
      "tpr": 0.9899341850561363,
      "fpr": 0.000586281024037522,
      "g_mean": 0.9946626591103095
    }
  },
  "model_info": {
    "best_params": {
      "learning_rate": 0.2,
      "max_depth": 3,
      "n_estimators": 300
    },
    "best_cv_score": 0.9909168559011219,
    "trained_model": "XGBClassifier(base_score=None, booster=None, callbacks=None,\n              colsample_bylevel=None, colsample_bynode=None,\n              colsample_bytree=None, device=None, early_stopping_rounds=None,\n              enable_categorical=False, eval_metric='logloss',\n              feature_types=None, feature_weights=None, gamma=None,\n              grow_policy=None, importance_type=None,\n              interaction_constraints=None, learning_rate=0.2, max_bin=None,\n              max_cat_threshold=None, max_cat_to_onehot=None,\n              max_delta_step=None, max_depth=3, max_leaves=None,\n              min_child_weight=None, missing=nan, monotone_constraints=None,\n              multi_strategy=None, n_estimators=300, n_jobs=-1,\n              num_parallel_tree=None, ...)"
  },
  "paths": {
    "plots": {}
  },
  "additional_info": {}
}