{
  "experiment_info": {
    "type": "single_model_grid_search",
    "model_name": "LogisticRegression",
    "n_components": 100,
    "ratio": "x2",
    "version": 1,
    "suffix": "x2_v1_100_LogisticRegression",
    "timestamp": "2025-07-04T12:01:02.817688"
  },
  "pca_info": {
    "n_components": 100,
    "explained_variance_ratio": 0.6139422640617337
  },
  "metrics": {
    "train": {
      "f1": 0.9921200669468576,
      "f1_score": 0.9894582005393479,
      "precision": 0.9945786101527846,
      "recall": 0.984390243902439,
      "accuracy": 0.993019253871879,
      "classification_report": {
        "0": {
          "precision": 0.9922533165488525,
          "recall": 0.9973234707285026,
          "f1-score": 0.9947819333543674,
          "support": 20549.0
        },
        "1": {
          "precision": 0.9945786101527846,
          "recall": 0.984390243902439,
          "f1-score": 0.9894582005393479,
          "support": 10250.0
        },
        "accuracy": 0.993019253871879,
        "macro avg": {
          "precision": 0.9934159633508186,
          "recall": 0.9908568573154708,
          "f1-score": 0.9921200669468576,
          "support": 30799.0
        },
        "weighted avg": {
          "precision": 0.993027181266548,
          "recall": 0.993019253871879,
          "f1-score": 0.9930101790326702,
          "support": 30799.0
        }
      },
      "y_pred": "[0 1 0 ... 0 1 0]",
      "y_pred_proba": "[[9.99976570e-01 2.34296560e-05]\n [1.14839876e-03 9.98851601e-01]\n [9.99508306e-01 4.91694094e-04]\n ...\n [9.98106293e-01 1.89370736e-03]\n [1.23072653e-04 9.99876927e-01]\n [9.98473222e-01 1.52677821e-03]]",
      "auc_roc": 0.9992885013691248,
      "tpr": 0.984390243902439,
      "fpr": 0.0026765292714973966,
      "g_mean": 0.9908357556124313
    },
    "test": {
      "f1": 0.9937234310952067,
      "f1_score": 0.991639121135524,
      "precision": 0.99609375,
      "recall": 0.9872241579558653,
      "accuracy": 0.9944155844155844,
      "classification_report": {
        "0": {
          "precision": 0.993579766536965,
          "recall": 0.998045729919875,
          "f1-score": 0.9958077410548893,
          "support": 5117.0
        },
        "1": {
          "precision": 0.99609375,
          "recall": 0.9872241579558653,
          "f1-score": 0.991639121135524,
          "support": 2583.0
        },
        "accuracy": 0.9944155844155844,
        "macro avg": {
          "precision": 0.9948367582684825,
          "recall": 0.9926349439378701,
          "f1-score": 0.9937234310952067,
          "support": 7700.0
        },
        "weighted avg": {
          "precision": 0.9944230937168377,
          "recall": 0.9944155844155844,
          "f1-score": 0.9944093585546658,
          "support": 7700.0
        }
      },
      "y_pred": "[1 0 0 ... 1 0 0]",
      "y_pred_proba": "[[1.28535510e-03 9.98714645e-01]\n [9.99932341e-01 6.76585739e-05]\n [9.99659090e-01 3.40909990e-04]\n ...\n [1.35053227e-04 9.99864947e-01]\n [9.98924743e-01 1.07525662e-03]\n [9.99871907e-01 1.28093454e-04]]",
      "auc_roc": 0.9994174262633773,
      "tpr": 0.9872241579558653,
      "fpr": 0.0019542700801250734,
      "g_mean": 0.9926201969140037
    }
  },
  "model_info": {
    "best_params": {
      "solver": "liblinear",
      "C": 0.1
    },
    "best_cv_score": 0.9881786890618127,
    "trained_model": "LogisticRegression(C=0.1, max_iter=2000, random_state=0, solver='liblinear')"
  },
  "paths": {
    "plots": {}
  },
  "additional_info": {}
}