{
  "experiment_info": {
    "type": "single_model_grid_search",
    "model_name": "LogisticRegression",
    "n_components": 20,
    "ratio": "x2",
    "version": 1,
    "suffix": "x2_v1_20_LogisticRegression",
    "timestamp": "2025-07-04T10:16:52.151245"
  },
  "pca_info": {
    "n_components": 20,
    "explained_variance_ratio": 0.32941789810531014
  },
  "metrics": {
    "train": {
      "f1": 0.988735890327554,
      "f1_score": 0.9849147462041178,
      "precision": 0.9921789921789922,
      "recall": 0.9777560975609756,
      "accuracy": 0.990032143900776,
      "classification_report": {
        "0": {
          "precision": 0.988984442941347,
          "recall": 0.9961555306827583,
          "f1-score": 0.9925570344509904,
          "support": 20549.0
        },
        "1": {
          "precision": 0.9921789921789922,
          "recall": 0.9777560975609756,
          "f1-score": 0.9849147462041178,
          "support": 10250.0
        },
        "accuracy": 0.990032143900776,
        "macro avg": {
          "precision": 0.9905817175601697,
          "recall": 0.986955814121867,
          "f1-score": 0.988735890327554,
          "support": 30799.0
        },
        "weighted avg": {
          "precision": 0.9900475985530833,
          "recall": 0.990032143900776,
          "f1-score": 0.9900136578955684,
          "support": 30799.0
        }
      },
      "y_pred": "[0 1 0 ... 0 1 0]",
      "y_pred_proba": "[[9.99965498e-01 3.45020660e-05]\n [8.11969907e-04 9.99188030e-01]\n [9.99011479e-01 9.88520991e-04]\n ...\n [9.96090676e-01 3.90932390e-03]\n [4.05479218e-04 9.99594521e-01]\n [9.96625035e-01 3.37496478e-03]]",
      "auc_roc": 0.9982703804944517,
      "tpr": 0.9777560975609756,
      "fpr": 0.0038444693172417148,
      "g_mean": 0.9869129365066386
    },
    "test": {
      "f1": 0.9916685584360458,
      "f1_score": 0.9888867225580035,
      "precision": 0.9960722702278083,
      "recall": 0.9818041037553232,
      "accuracy": 0.9925974025974026,
      "classification_report": {
        "0": {
          "precision": 0.9908808692277843,
          "recall": 0.998045729919875,
          "f1-score": 0.9944503943140882,
          "support": 5117.0
        },
        "1": {
          "precision": 0.9960722702278083,
          "recall": 0.9818041037553232,
          "f1-score": 0.9888867225580035,
          "support": 2583.0
        },
        "accuracy": 0.9925974025974026,
        "macro avg": {
          "precision": 0.9934765697277963,
          "recall": 0.9899249168375991,
          "f1-score": 0.9916685584360458,
          "support": 7700.0
        },
        "weighted avg": {
          "precision": 0.9926223482905198,
          "recall": 0.9925974025974026,
          "f1-score": 0.9925840353340925,
          "support": 7700.0
        }
      },
      "y_pred": "[1 0 0 ... 1 0 0]",
      "y_pred_proba": "[[2.26929987e-03 9.97730700e-01]\n [9.99991424e-01 8.57602103e-06]\n [9.99419343e-01 5.80656810e-04]\n ...\n [1.99356460e-04 9.99800644e-01]\n [9.98186117e-01 1.81388268e-03]\n [9.99649408e-01 3.50591977e-04]]",
      "auc_roc": 0.9985653554293715,
      "tpr": 0.9818041037553232,
      "fpr": 0.0019542700801250734,
      "g_mean": 0.9898916068796675
    }
  },
  "model_info": {
    "best_params": {
      "solver": "liblinear",
      "C": 0.1
    },
    "best_cv_score": 0.9848081382952885,
    "trained_model": "LogisticRegression(C=0.1, max_iter=2000, random_state=0, solver='liblinear')"
  },
  "paths": {
    "plots": {}
  },
  "additional_info": {}
}