{
  "experiment_info": {
    "type": "single_model_grid_search",
    "model_name": "LogisticRegression",
    "n_components": 500,
    "ratio": "x2",
    "version": 1,
    "suffix": "x2_v1_500_LogisticRegression",
    "timestamp": "2025-07-08T01:35:38.242058"
  },
  "pca_info": {
    "n_components": 500,
    "explained_variance_ratio": 0.9637598383072935
  },
  "metrics": {
    "train": {
      "f1": 0.9961919819653107,
      "f1_score": 0.9949104433786826,
      "precision": 0.9981343283582089,
      "recall": 0.9917073170731707,
      "accuracy": 0.9966232669891879,
      "classification_report": {
        "0": {
          "precision": 0.9958767887460587,
          "recall": 0.9990753807971191,
          "f1-score": 0.9974735205519386,
          "support": 20549.0
        },
        "1": {
          "precision": 0.9981343283582089,
          "recall": 0.9917073170731707,
          "f1-score": 0.9949104433786826,
          "support": 10250.0
        },
        "accuracy": 0.9966232669891879,
        "macro avg": {
          "precision": 0.9970055585521338,
          "recall": 0.9953913489351449,
          "f1-score": 0.9961919819653107,
          "support": 30799.0
        },
        "weighted avg": {
          "precision": 0.9966281047311406,
          "recall": 0.9966232669891879,
          "f1-score": 0.9966205207459101,
          "support": 30799.0
        }
      },
      "y_pred": "[0 1 0 ... 0 1 0]",
      "y_pred_proba": "[[9.99994740e-01 5.26026579e-06]\n [2.43813899e-04 9.99756186e-01]\n [9.99930022e-01 6.99781111e-05]\n ...\n [9.96724768e-01 3.27523160e-03]\n [1.85596274e-04 9.99814404e-01]\n [9.96678833e-01 3.32116736e-03]]",
      "auc_roc": 0.9997819655338994,
      "tpr": 0.9917073170731707,
      "fpr": 0.0009246192028809188,
      "g_mean": 0.9953845314471024
    },
    "test": {
      "f1": 0.9937294981244458,
      "f1_score": 0.9916553464001553,
      "precision": 0.9941634241245136,
      "recall": 0.989159891598916,
      "accuracy": 0.9944155844155844,
      "classification_report": {
        "0": {
          "precision": 0.9945419103313841,
          "recall": 0.9970685948798124,
          "f1-score": 0.9958036498487363,
          "support": 5117.0
        },
        "1": {
          "precision": 0.9941634241245136,
          "recall": 0.989159891598916,
          "f1-score": 0.9916553464001553,
          "support": 2583.0
        },
        "accuracy": 0.9944155844155844,
        "macro avg": {
          "precision": 0.9943526672279488,
          "recall": 0.9931142432393643,
          "f1-score": 0.9937294981244458,
          "support": 7700.0
        },
        "weighted avg": {
          "precision": 0.9944149454128975,
          "recall": 0.9944155844155844,
          "f1-score": 0.994412082600985,
          "support": 7700.0
        }
      },
      "y_pred": "[1 0 0 ... 1 0 0]",
      "y_pred_proba": "[[2.59351654e-03 9.97406483e-01]\n [9.99988550e-01 1.14504921e-05]\n [9.99979461e-01 2.05386991e-05]\n ...\n [2.56105049e-04 9.99743895e-01]\n [9.98614833e-01 1.38516680e-03]\n [9.99912359e-01 8.76410277e-05]]",
      "auc_roc": 0.9994040346333277,
      "tpr": 0.989159891598916,
      "fpr": 0.00293140512018761,
      "g_mean": 0.9931063705505059
    }
  },
  "model_info": {
    "best_params": {
      "solver": "liblinear",
      "C": 0.1
    },
    "best_cv_score": 0.9895210433067211,
    "trained_model": "LogisticRegression(C=0.1, max_iter=2000, random_state=0, solver='liblinear')"
  },
  "paths": {
    "plots": {}
  },
  "additional_info": {}
}