{
  "experiment_info": {
    "type": "single_model_grid_search",
    "model_name": "LogisticRegression",
    "n_components": 50,
    "ratio": "x2",
    "version": 1,
    "suffix": "x2_v1_50_LogisticRegression",
    "timestamp": "2025-07-04T10:52:34.546537"
  },
  "pca_info": {
    "n_components": 50,
    "explained_variance_ratio": 0.47412731287186966
  },
  "metrics": {
    "train": {
      "f1": 0.9910889836626956,
      "f1_score": 0.988072448829333,
      "precision": 0.9942704731798874,
      "recall": 0.9819512195121951,
      "accuracy": 0.992110133445891,
      "classification_report": {
        "0": {
          "precision": 0.991052427935771,
          "recall": 0.9971774782227846,
          "f1-score": 0.9941055184960582,
          "support": 20549.0
        },
        "1": {
          "precision": 0.9942704731798874,
          "recall": 0.9819512195121951,
          "f1-score": 0.988072448829333,
          "support": 10250.0
        },
        "accuracy": 0.992110133445891,
        "macro avg": {
          "precision": 0.9926614505578292,
          "recall": 0.9895643488674899,
          "f1-score": 0.9910889836626956,
          "support": 30799.0
        },
        "weighted avg": {
          "precision": 0.9921234030892562,
          "recall": 0.992110133445891,
          "f1-score": 0.9920976947328214,
          "support": 30799.0
        }
      },
      "y_pred": "[0 1 0 ... 0 1 0]",
      "y_pred_proba": "[[9.99923133e-01 7.68668146e-05]\n [1.27486410e-03 9.98725136e-01]\n [9.99768907e-01 2.31093430e-04]\n ...\n [9.94797983e-01 5.20201675e-03]\n [1.35072842e-04 9.99864927e-01]\n [9.98806429e-01 1.19357055e-03]]",
      "auc_roc": 0.9990411069792726,
      "tpr": 0.9819512195121951,
      "fpr": 0.0028225217772154363,
      "g_mean": 0.9895350629517676
    },
    "test": {
      "f1": 0.9928434631712721,
      "f1_score": 0.99046135876971,
      "precision": 0.9960845732184808,
      "recall": 0.9849012775842044,
      "accuracy": 0.9936363636363637,
      "classification_report": {
        "0": {
          "precision": 0.9924212980956082,
          "recall": 0.998045729919875,
          "f1-score": 0.9952255675728344,
          "support": 5117.0
        },
        "1": {
          "precision": 0.9960845732184808,
          "recall": 0.9849012775842044,
          "f1-score": 0.99046135876971,
          "support": 2583.0
        },
        "accuracy": 0.9936363636363637,
        "macro avg": {
          "precision": 0.9942529356570444,
          "recall": 0.9914735037520397,
          "f1-score": 0.9928434631712721,
          "support": 7700.0
        },
        "weighted avg": {
          "precision": 0.9936501603868263,
          "recall": 0.9936363636363637,
          "f1-score": 0.9936273920743316,
          "support": 7700.0
        }
      },
      "y_pred": "[1 0 0 ... 1 0 0]",
      "y_pred_proba": "[[1.15522398e-03 9.98844776e-01]\n [9.99984506e-01 1.54936472e-05]\n [9.99857885e-01 1.42114509e-04]\n ...\n [9.86128423e-05 9.99901387e-01]\n [9.98873095e-01 1.12690534e-03]\n [9.99853169e-01 1.46830897e-04]]",
      "auc_roc": 0.9992017226629732,
      "tpr": 0.9849012775842044,
      "fpr": 0.0019542700801250734,
      "g_mean": 0.9914517207033052
    }
  },
  "model_info": {
    "best_params": {
      "solver": "lbfgs",
      "C": 0.1
    },
    "best_cv_score": 0.9874282537061789,
    "trained_model": "LogisticRegression(C=0.1, max_iter=2000, random_state=0)"
  },
  "paths": {
    "plots": {}
  },
  "additional_info": {}
}