{
  "experiment_info": {
    "type": "single_model_grid_search",
    "model_name": "LogisticRegression",
    "n_components": 200,
    "ratio": "x2",
    "version": 1,
    "suffix": "x2_v1_200_LogisticRegression",
    "timestamp": "2025-07-04T14:12:33.576243"
  },
  "pca_info": {
    "n_components": 200,
    "explained_variance_ratio": 0.7710376117344098
  },
  "metrics": {
    "train": {
      "f1": 0.9937354941330768,
      "f1_score": 0.9916229853524715,
      "precision": 0.9958673619994096,
      "recall": 0.9874146341463415,
      "accuracy": 0.9944478716841456,
      "classification_report": {
        "0": {
          "precision": 0.9937487885249079,
          "recall": 0.9979561049199475,
          "f1-score": 0.9958480029136821,
          "support": 20549.0
        },
        "1": {
          "precision": 0.9958673619994096,
          "recall": 0.9874146341463415,
          "f1-score": 0.9916229853524715,
          "support": 10250.0
        },
        "accuracy": 0.9944478716841456,
        "macro avg": {
          "precision": 0.9948080752621588,
          "recall": 0.9926853695331445,
          "f1-score": 0.9937354941330768,
          "support": 30799.0
        },
        "weighted avg": {
          "precision": 0.9944538561606637,
          "recall": 0.9944478716841456,
          "f1-score": 0.9944419043389748,
          "support": 30799.0
        }
      },
      "y_pred": "[0 1 0 ... 0 1 0]",
      "y_pred_proba": "[[9.99997227e-01 2.77315948e-06]\n [1.87654080e-03 9.98123459e-01]\n [9.99775064e-01 2.24936276e-04]\n ...\n [9.98668953e-01 1.33104702e-03]\n [2.11048412e-04 9.99788952e-01]\n [9.98198541e-01 1.80145863e-03]]",
      "auc_roc": 0.9995624877597747,
      "tpr": 0.9874146341463415,
      "fpr": 0.0020438950800525575,
      "g_mean": 0.9926713767575037
    },
    "test": {
      "f1": 0.9937258621685804,
      "f1_score": 0.991645618807072,
      "precision": 0.9953198127925117,
      "recall": 0.9879984514130855,
      "accuracy": 0.9944155844155844,
      "classification_report": {
        "0": {
          "precision": 0.9939641744548287,
          "recall": 0.9976548759038499,
          "f1-score": 0.9958061055300887,
          "support": 5117.0
        },
        "1": {
          "precision": 0.9953198127925117,
          "recall": 0.9879984514130855,
          "f1-score": 0.991645618807072,
          "support": 2583.0
        },
        "accuracy": 0.9944155844155844,
        "macro avg": {
          "precision": 0.9946419936236701,
          "recall": 0.9928266636584677,
          "f1-score": 0.9937258621685804,
          "support": 7700.0
        },
        "weighted avg": {
          "precision": 0.9944189294971969,
          "recall": 0.9944155844155844,
          "f1-score": 0.9944104513475496,
          "support": 7700.0
        }
      },
      "y_pred": "[1 0 0 ... 1 0 0]",
      "y_pred_proba": "[[3.46385991e-03 9.96536140e-01]\n [9.99984908e-01 1.50917858e-05]\n [9.99965805e-01 3.41945374e-05]\n ...\n [2.39146984e-04 9.99760853e-01]\n [9.98964222e-01 1.03577814e-03]\n [9.99856350e-01 1.43649793e-04]]",
      "auc_roc": 0.9994675124729415,
      "tpr": 0.9879984514130855,
      "fpr": 0.002345124096150088,
      "g_mean": 0.9928149235571139
    }
  },
  "model_info": {
    "best_params": {
      "solver": "lbfgs",
      "C": 0.1
    },
    "best_cv_score": 0.9894620273083738,
    "trained_model": "LogisticRegression(C=0.1, max_iter=2000, random_state=0)"
  },
  "paths": {
    "plots": {}
  },
  "additional_info": {}
}