{
  "experiment_info": {
    "type": "single_model_grid_search",
    "model_name": "LogisticRegression",
    "n_components": 500,
    "ratio": "x2",
    "version": 1,
    "suffix": "x2_v1_500_LogisticRegression",
    "timestamp": "2025-07-06T01:47:04.392138"
  },
  "pca_info": {
    "n_components": 500,
    "explained_variance_ratio": 0.9637796696251356
  },
  "metrics": {
    "train": {
      "f1": 0.9960820387285261,
      "f1_score": 0.9947633729750893,
      "precision": 0.9980359422567023,
      "recall": 0.9915121951219512,
      "accuracy": 0.9965258612292607,
      "classification_report": {
        "0": {
          "precision": 0.9957799767171129,
          "recall": 0.9990267166285464,
          "f1-score": 0.9974007044819628,
          "support": 20549.0
        },
        "1": {
          "precision": 0.9980359422567023,
          "recall": 0.9915121951219512,
          "f1-score": 0.9947633729750893,
          "support": 10250.0
        },
        "accuracy": 0.9965258612292607,
        "macro avg": {
          "precision": 0.9969079594869077,
          "recall": 0.9952694558752488,
          "f1-score": 0.9960820387285261,
          "support": 30799.0
        },
        "weighted avg": {
          "precision": 0.9965307688461038,
          "recall": 0.9965258612292607,
          "f1-score": 0.9965229926099717,
          "support": 30799.0
        }
      },
      "y_pred": "[0 1 0 ... 0 1 0]",
      "y_pred_proba": "[[9.99993980e-01 6.01967292e-06]\n [4.60325103e-04 9.99539675e-01]\n [9.99903135e-01 9.68648182e-05]\n ...\n [9.97646656e-01 2.35334422e-03]\n [1.43014023e-04 9.99856986e-01]\n [9.97716285e-01 2.28371532e-03]]",
      "auc_roc": 0.9997850657975167,
      "tpr": 0.9915121951219512,
      "fpr": 0.0009732833714535987,
      "g_mean": 0.9952623637965246
    },
    "test": {
      "f1": 0.9937282875578829,
      "f1_score": 0.9916521063871093,
      "precision": 0.9945482866043613,
      "recall": 0.9887727448703059,
      "accuracy": 0.9944155844155844,
      "classification_report": {
        "0": {
          "precision": 0.9943491816056118,
          "recall": 0.9972640218878249,
          "f1-score": 0.9958044687286565,
          "support": 5117.0
        },
        "1": {
          "precision": 0.9945482866043613,
          "recall": 0.9887727448703059,
          "f1-score": 0.9916521063871093,
          "support": 2583.0
        },
        "accuracy": 0.9944155844155844,
        "macro avg": {
          "precision": 0.9944487341049866,
          "recall": 0.9930183833790653,
          "f1-score": 0.9937282875578829,
          "support": 7700.0
        },
        "weighted avg": {
          "precision": 0.994415972282465,
          "recall": 0.9944155844155844,
          "f1-score": 0.9944115399068102,
          "support": 7700.0
        }
      },
      "y_pred": "[1 0 0 ... 1 0 0]",
      "y_pred_proba": "[[2.91653022e-03 9.97083470e-01]\n [9.99983251e-01 1.67485719e-05]\n [9.99979861e-01 2.01394646e-05]\n ...\n [3.34139301e-04 9.99665861e-01]\n [9.98392220e-01 1.60778030e-03]\n [9.99918703e-01 8.12972041e-05]]",
      "auc_roc": 0.9994260513810365,
      "tpr": 0.9887727448703059,
      "fpr": 0.0027359781121751026,
      "g_mean": 0.9930093072486408
    }
  },
  "model_info": {
    "best_params": {
      "C": 0.1,
      "solver": "liblinear"
    },
    "best_cv_score": 0.9898677298588023,
    "trained_model": "LogisticRegression(C=0.1, max_iter=2000, random_state=0, solver='liblinear')"
  },
  "paths": {
    "plots": {}
  },
  "additional_info": {}
}