{
  "experiment_info": {
    "type": "single_model_grid_search",
    "model_name": "LogisticRegression",
    "n_components": 20,
    "ratio": "x2",
    "version": 1,
    "suffix": "x2_v1_20_LogisticRegression",
    "timestamp": "2025-07-05T10:36:32.130787"
  },
  "pca_info": {
    "n_components": 20,
    "explained_variance_ratio": 0.33436801796327453
  },
  "metrics": {
    "train": {
      "f1": 0.9885498693687564,
      "f1_score": 0.9846622750958608,
      "precision": 0.9923701942132382,
      "recall": 0.9770731707317073,
      "accuracy": 0.9898698009675638,
      "classification_report": {
        "0": {
          "precision": 0.9886511807601295,
          "recall": 0.9962528590199037,
          "f1-score": 0.9924374636416521,
          "support": 20549.0
        },
        "1": {
          "precision": 0.9923701942132382,
          "recall": 0.9770731707317073,
          "f1-score": 0.9846622750958608,
          "support": 10250.0
        },
        "accuracy": 0.9898698009675638,
        "macro avg": {
          "precision": 0.9905106874866838,
          "recall": 0.9866630148758055,
          "f1-score": 0.9885498693687564,
          "support": 30799.0
        },
        "weighted avg": {
          "precision": 0.9898888796430271,
          "recall": 0.9898698009675638,
          "f1-score": 0.9898498574663099,
          "support": 30799.0
        }
      },
      "y_pred": "[0 1 0 ... 0 1 0]",
      "y_pred_proba": "[[9.99972066e-01 2.79341206e-05]\n [1.64257537e-03 9.98357425e-01]\n [9.96730433e-01 3.26956679e-03]\n ...\n [9.96703496e-01 3.29650422e-03]\n [3.30458393e-04 9.99669542e-01]\n [9.98912364e-01 1.08763593e-03]]",
      "auc_roc": 0.9982328259994848,
      "tpr": 0.9770731707317073,
      "fpr": 0.003747140980096355,
      "g_mean": 0.9866164096613769
    },
    "test": {
      "f1": 0.9925470066666429,
      "f1_score": 0.9900604170726954,
      "precision": 0.9968602825745683,
      "recall": 0.9833526906697638,
      "accuracy": 0.9933766233766234,
      "classification_report": {
        "0": {
          "precision": 0.9916537267080745,
          "recall": 0.9984365839359,
          "f1-score": 0.9950335962605902,
          "support": 5117.0
        },
        "1": {
          "precision": 0.9968602825745683,
          "recall": 0.9833526906697638,
          "f1-score": 0.9900604170726954,
          "support": 2583.0
        },
        "accuracy": 0.9933766233766234,
        "macro avg": {
          "precision": 0.9942570046413214,
          "recall": 0.9908946373028319,
          "f1-score": 0.9925470066666429,
          "support": 7700.0
        },
        "weighted avg": {
          "precision": 0.9934002895396529,
          "recall": 0.9933766233766234,
          "f1-score": 0.9933653206966508,
          "support": 7700.0
        }
      },
      "y_pred": "[1 0 0 ... 1 0 0]",
      "y_pred_proba": "[[1.81560246e-03 9.98184398e-01]\n [9.99991355e-01 8.64480554e-06]\n [9.99202918e-01 7.97082302e-04]\n ...\n [1.29702663e-04 9.99870297e-01]\n [9.99760015e-01 2.39985432e-04]\n [9.99749248e-01 2.50752106e-04]]",
      "auc_roc": 0.998563388297274,
      "tpr": 0.9833526906697638,
      "fpr": 0.0015634160641000586,
      "g_mean": 0.9908659350671486
    }
  },
  "model_info": {
    "best_params": {
      "C": 0.1,
      "solver": "liblinear"
    },
    "best_cv_score": 0.9847404557628755,
    "trained_model": "LogisticRegression(C=0.1, max_iter=2000, random_state=0, solver='liblinear')"
  },
  "paths": {
    "plots": {}
  },
  "additional_info": {}
}