{
  "experiment_info": {
    "type": "single_model_grid_search",
    "model_name": "LogisticRegression",
    "n_components": 100,
    "ratio": "x2",
    "version": 1,
    "suffix": "x2_v1_100_LogisticRegression",
    "timestamp": "2025-07-05T13:05:11.739942"
  },
  "pca_info": {
    "n_components": 100,
    "explained_variance_ratio": 0.5976110665562044
  },
  "metrics": {
    "train": {
      "f1": 0.992679052236221,
      "f1_score": 0.990218135576641,
      "precision": 0.9928403295409964,
      "recall": 0.987609756097561,
      "accuracy": 0.9935062826715153,
      "classification_report": {
        "0": {
          "precision": 0.9938358491481823,
          "recall": 0.9964475156941943,
          "f1-score": 0.9951399688958009,
          "support": 20549.0
        },
        "1": {
          "precision": 0.9928403295409964,
          "recall": 0.987609756097561,
          "f1-score": 0.990218135576641,
          "support": 10250.0
        },
        "accuracy": 0.9935062826715153,
        "macro avg": {
          "precision": 0.9933380893445893,
          "recall": 0.9920286358958776,
          "f1-score": 0.992679052236221,
          "support": 30799.0
        },
        "weighted avg": {
          "precision": 0.9935045372233259,
          "recall": 0.9935062826715153,
          "f1-score": 0.9935019679372831,
          "support": 30799.0
        }
      },
      "y_pred": "[0 1 0 ... 0 1 0]",
      "y_pred_proba": "[[9.99999998e-01 2.31867913e-09]\n [8.58689893e-05 9.99914131e-01]\n [9.99963194e-01 3.68059772e-05]\n ...\n [9.99696544e-01 3.03456347e-04]\n [1.94132810e-06 9.99998059e-01]\n [9.99990537e-01 9.46295226e-06]]",
      "auc_roc": 0.9995907652025083,
      "tpr": 0.987609756097561,
      "fpr": 0.0035524843058056354,
      "g_mean": 0.9920187941459395
    },
    "test": {
      "f1": 0.9932887808424289,
      "f1_score": 0.991064491064491,
      "precision": 0.9945419103313841,
      "recall": 0.9876113046844754,
      "accuracy": 0.994025974025974,
      "classification_report": {
        "0": {
          "precision": 0.9937682570593963,
          "recall": 0.9972640218878249,
          "f1-score": 0.9955130706203668,
          "support": 5117.0
        },
        "1": {
          "precision": 0.9945419103313841,
          "recall": 0.9876113046844754,
          "f1-score": 0.991064491064491,
          "support": 2583.0
        },
        "accuracy": 0.994025974025974,
        "macro avg": {
          "precision": 0.9941550836953902,
          "recall": 0.9924376632861502,
          "f1-score": 0.9932887808424289,
          "support": 7700.0
        },
        "weighted avg": {
          "precision": 0.9940277825660904,
          "recall": 0.994025974025974,
          "f1-score": 0.994020774387532,
          "support": 7700.0
        }
      },
      "y_pred": "[1 0 0 ... 1 0 0]",
      "y_pred_proba": "[[1.47699788e-05 9.99985230e-01]\n [1.00000000e+00 8.65497786e-11]\n [9.99999841e-01 1.58881279e-07]\n ...\n [7.42654725e-07 9.99999257e-01]\n [9.99996236e-01 3.76392435e-06]\n [9.99999558e-01 4.42222817e-07]]",
      "auc_roc": 0.9995586814797767,
      "tpr": 0.9876113046844754,
      "fpr": 0.0027359781121751026,
      "g_mean": 0.9924259275993963
    }
  },
  "model_info": {
    "best_params": {
      "C": 10,
      "solver": "liblinear"
    },
    "best_cv_score": 0.98914782946222,
    "trained_model": "LogisticRegression(C=10, max_iter=2000, random_state=0, solver='liblinear')"
  },
  "paths": {
    "plots": {}
  },
  "additional_info": {}
}