{
  "experiment_info": {
    "type": "single_model_grid_search",
    "model_name": "LogisticRegression",
    "n_components": 200,
    "ratio": "x2",
    "version": 1,
    "suffix": "x2_v1_200_LogisticRegression",
    "timestamp": "2025-07-05T15:06:25.127020"
  },
  "pca_info": {
    "n_components": 200,
    "explained_variance_ratio": 0.7484760763533455
  },
  "metrics": {
    "train": {
      "f1": 0.9941771214018893,
      "f1_score": 0.9922161844617418,
      "precision": 0.9957747862827946,
      "recall": 0.9886829268292683,
      "accuracy": 0.9948374947238546,
      "classification_report": {
        "0": {
          "precision": 0.9943749393851227,
          "recall": 0.9979074407513747,
          "f1-score": 0.9961380583420368,
          "support": 20549.0
        },
        "1": {
          "precision": 0.9957747862827946,
          "recall": 0.9886829268292683,
          "f1-score": 0.9922161844617418,
          "support": 10250.0
        },
        "accuracy": 0.9948374947238546,
        "macro avg": {
          "precision": 0.9950748628339586,
          "recall": 0.9932951837903214,
          "f1-score": 0.9941771214018893,
          "support": 30799.0
        },
        "weighted avg": {
          "precision": 0.9948408126505254,
          "recall": 0.9948374947238546,
          "f1-score": 0.9948328468977359,
          "support": 30799.0
        }
      },
      "y_pred": "[0 1 0 ... 0 1 0]",
      "y_pred_proba": "[[9.99999344e-01 6.56120574e-07]\n [4.40467114e-03 9.95595329e-01]\n [9.99025782e-01 9.74218327e-04]\n ...\n [9.98318527e-01 1.68147303e-03]\n [3.47216121e-04 9.99652784e-01]\n [9.98273494e-01 1.72650606e-03]]",
      "auc_roc": 0.9996203245306579,
      "tpr": 0.9886829268292683,
      "fpr": 0.002092559248625237,
      "g_mean": 0.993284475478588
    },
    "test": {
      "f1": 0.9948931436255888,
      "f1_score": 0.9931999222848261,
      "precision": 0.9968798751950078,
      "recall": 0.9895470383275261,
      "accuracy": 0.9954545454545455,
      "classification_report": {
        "0": {
          "precision": 0.9947429906542056,
          "recall": 0.9984365839359,
          "f1-score": 0.9965863649663513,
          "support": 5117.0
        },
        "1": {
          "precision": 0.9968798751950078,
          "recall": 0.9895470383275261,
          "f1-score": 0.9931999222848261,
          "support": 2583.0
        },
        "accuracy": 0.9954545454545455,
        "macro avg": {
          "precision": 0.9958114329246066,
          "recall": 0.993991811131713,
          "f1-score": 0.9948931436255888,
          "support": 7700.0
        },
        "weighted avg": {
          "precision": 0.9954598182865292,
          "recall": 0.9954545454545455,
          "f1-score": 0.9954503673759125,
          "support": 7700.0
        }
      },
      "y_pred": "[1 0 0 ... 1 0 0]",
      "y_pred_proba": "[[1.83634850e-03 9.98163651e-01]\n [9.99998961e-01 1.03856398e-06]\n [9.99804326e-01 1.95674406e-04]\n ...\n [3.92589477e-04 9.99607411e-01]\n [9.98789675e-01 1.21032530e-03]\n [9.99882177e-01 1.17822935e-04]]",
      "auc_roc": 0.9995453655086538,
      "tpr": 0.9895470383275261,
      "fpr": 0.0015634160641000586,
      "g_mean": 0.9939818733717543
    }
  },
  "model_info": {
    "best_params": {
      "C": 0.1,
      "solver": "lbfgs"
    },
    "best_cv_score": 0.9909250206012572,
    "trained_model": "LogisticRegression(C=0.1, max_iter=2000, random_state=0)"
  },
  "paths": {
    "plots": {}
  },
  "additional_info": {}
}