{
  "experiment_info": {
    "type": "single_model_grid_search",
    "model_name": "LogisticRegression",
    "n_components": 50,
    "ratio": "x2",
    "version": 1,
    "suffix": "x2_v1_50_LogisticRegression",
    "timestamp": "2025-07-05T11:14:12.669815"
  },
  "pca_info": {
    "n_components": 50,
    "explained_variance_ratio": 0.4669635184410192
  },
  "metrics": {
    "train": {
      "f1": 0.9909809855174552,
      "f1_score": 0.9879305269355314,
      "precision": 0.9936833793920252,
      "recall": 0.9822439024390244,
      "accuracy": 0.9920127276859638,
      "classification_report": {
        "0": {
          "precision": 0.991193690424348,
          "recall": 0.9968854932113485,
          "f1-score": 0.9940314440993789,
          "support": 20549.0
        },
        "1": {
          "precision": 0.9936833793920252,
          "recall": 0.9822439024390244,
          "f1-score": 0.9879305269355314,
          "support": 10250.0
        },
        "accuracy": 0.9920127276859638,
        "macro avg": {
          "precision": 0.9924385349081866,
          "recall": 0.9895646978251864,
          "f1-score": 0.9909809855174552,
          "support": 30799.0
        },
        "weighted avg": {
          "precision": 0.992022266414435,
          "recall": 0.9920127276859638,
          "f1-score": 0.9920010404846694,
          "support": 30799.0
        }
      },
      "y_pred": "[0 1 0 ... 0 1 0]",
      "y_pred_proba": "[[9.99983508e-01 1.64915050e-05]\n [1.65621022e-03 9.98343790e-01]\n [9.95464348e-01 4.53565152e-03]\n ...\n [9.95556019e-01 4.44398106e-03]\n [1.50285716e-04 9.99849714e-01]\n [9.99225343e-01 7.74656607e-04]]",
      "auc_roc": 0.9992854533304689,
      "tpr": 0.9822439024390244,
      "fpr": 0.003114506788651516,
      "g_mean": 0.9895376178482385
    },
    "test": {
      "f1": 0.9934263914730906,
      "f1_score": 0.991236611489776,
      "precision": 0.997257053291536,
      "recall": 0.9852884243128146,
      "accuracy": 0.9941558441558441,
      "classification_report": {
        "0": {
          "precision": 0.9926184926184927,
          "recall": 0.9986320109439124,
          "f1-score": 0.9956161714564052,
          "support": 5117.0
        },
        "1": {
          "precision": 0.997257053291536,
          "recall": 0.9852884243128146,
          "f1-score": 0.991236611489776,
          "support": 2583.0
        },
        "accuracy": 0.9941558441558441,
        "macro avg": {
          "precision": 0.9949377729550144,
          "recall": 0.9919602176283635,
          "f1-score": 0.9934263914730906,
          "support": 7700.0
        },
        "weighted avg": {
          "precision": 0.9941745188806318,
          "recall": 0.9941558441558441,
          "f1-score": 0.9941470281585087,
          "support": 7700.0
        }
      },
      "y_pred": "[1 0 0 ... 1 0 0]",
      "y_pred_proba": "[[1.27768470e-03 9.98722315e-01]\n [9.99995706e-01 4.29405368e-06]\n [9.99763765e-01 2.36235145e-04]\n ...\n [2.97479281e-04 9.99702521e-01]\n [9.99568795e-01 4.31204983e-04]\n [9.99848527e-01 1.51472612e-04]]",
      "auc_roc": 0.999295842367955,
      "tpr": 0.9852884243128146,
      "fpr": 0.0013679890560875513,
      "g_mean": 0.9919377805746008
    }
  },
  "model_info": {
    "best_params": {
      "C": 0.1,
      "solver": "lbfgs"
    },
    "best_cv_score": 0.9879385405885088,
    "trained_model": "LogisticRegression(C=0.1, max_iter=2000, random_state=0)"
  },
  "paths": {
    "plots": {}
  },
  "additional_info": {}
}