{
  "experiment_info": {
    "type": "single_model_grid_search",
    "model_name": "LogisticRegression",
    "n_components": 500,
    "ratio": "x2",
    "version": 1,
    "suffix": "x2_v1_500_LogisticRegression",
    "timestamp": "2025-07-05T05:57:13.887597"
  },
  "pca_info": {
    "n_components": 500,
    "explained_variance_ratio": 0.9637819540059822
  },
  "metrics": {
    "train": {
      "f1": 0.996081845560881,
      "f1_score": 0.994762860359258,
      "precision": 0.9981337786072095,
      "recall": 0.9914146341463415,
      "accuracy": 0.9965258612292607,
      "classification_report": {
        "0": {
          "precision": 0.9957318847608886,
          "recall": 0.9990753807971191,
          "f1-score": 0.997400830762504,
          "support": 20549.0
        },
        "1": {
          "precision": 0.9981337786072095,
          "recall": 0.9914146341463415,
          "f1-score": 0.994762860359258,
          "support": 10250.0
        },
        "accuracy": 0.9965258612292607,
        "macro avg": {
          "precision": 0.9969328316840491,
          "recall": 0.9952450074717303,
          "f1-score": 0.996081845560881,
          "support": 30799.0
        },
        "weighted avg": {
          "precision": 0.9965312422700542,
          "recall": 0.9965258612292607,
          "f1-score": 0.9965229062638751,
          "support": 30799.0
        }
      },
      "y_pred": "[0 1 0 ... 0 1 0]",
      "y_pred_proba": "[[9.99994579e-01 5.42061799e-06]\n [2.61188956e-04 9.99738811e-01]\n [9.99915305e-01 8.46953991e-05]\n ...\n [9.96799428e-01 3.20057189e-03]\n [1.61507683e-04 9.99838492e-01]\n [9.97731662e-01 2.26833800e-03]]",
      "auc_roc": 0.9997899179712026,
      "tpr": 0.9914146341463415,
      "fpr": 0.0009246192028809188,
      "g_mean": 0.9952376365158185
    },
    "test": {
      "f1": 0.9938759144373215,
      "f1_score": 0.9918509895227008,
      "precision": 0.9941656942823804,
      "recall": 0.9895470383275261,
      "accuracy": 0.9945454545454545,
      "classification_report": {
        "0": {
          "precision": 0.994735815948528,
          "recall": 0.9970685948798124,
          "f1-score": 0.9959008393519422,
          "support": 5117.0
        },
        "1": {
          "precision": 0.9941656942823804,
          "recall": 0.9895470383275261,
          "f1-score": 0.9918509895227008,
          "support": 2583.0
        },
        "accuracy": 0.9945454545454545,
        "macro avg": {
          "precision": 0.9944507551154542,
          "recall": 0.9933078166036693,
          "f1-score": 0.9938759144373215,
          "support": 7700.0
        },
        "weighted avg": {
          "precision": 0.9945445660441566,
          "recall": 0.9945454545454545,
          "f1-score": 0.9945422988183149,
          "support": 7700.0
        }
      },
      "y_pred": "[1 0 0 ... 1 0 0]",
      "y_pred_proba": "[[2.86258314e-03 9.97137417e-01]\n [9.99989710e-01 1.02897214e-05]\n [9.99983401e-01 1.65988876e-05]\n ...\n [2.92457755e-04 9.99707542e-01]\n [9.98563108e-01 1.43689152e-03]\n [9.99868663e-01 1.31336761e-04]]",
      "auc_roc": 0.9994083471921573,
      "tpr": 0.9895470383275261,
      "fpr": 0.00293140512018761,
      "g_mean": 0.9933006972073997
    }
  },
  "model_info": {
    "best_params": {
      "C": 0.1,
      "solver": "liblinear"
    },
    "best_cv_score": 0.9888108281807151,
    "trained_model": "LogisticRegression(C=0.1, max_iter=2000, random_state=0, solver='liblinear')"
  },
  "paths": {
    "plots": {}
  },
  "additional_info": {}
}