{
  "experiment_info": {
    "type": "single_model_grid_search",
    "model_name": "LogisticRegression",
    "n_components": 200,
    "ratio": "x2",
    "version": 1,
    "suffix": "x2_v1_200_LogisticRegression",
    "timestamp": "2025-07-04T19:55:20.093800"
  },
  "pca_info": {
    "n_components": 200,
    "explained_variance_ratio": 0.7482720870582513
  },
  "metrics": {
    "train": {
      "f1": 0.9942854357117096,
      "f1_score": 0.992358934169279,
      "precision": 0.9964587841825694,
      "recall": 0.9882926829268293,
      "accuracy": 0.994934900483782,
      "classification_report": {
        "0": {
          "precision": 0.9941840740561236,
          "recall": 0.9982480899313835,
          "f1-score": 0.9962119372541401,
          "support": 20549.0
        },
        "1": {
          "precision": 0.9964587841825694,
          "recall": 0.9882926829268293,
          "f1-score": 0.992358934169279,
          "support": 10250.0
        },
        "accuracy": 0.994934900483782,
        "macro avg": {
          "precision": 0.9953214291193465,
          "recall": 0.9932703864291064,
          "f1-score": 0.9942854357117096,
          "support": 30799.0
        },
        "weighted avg": {
          "precision": 0.9949411044400994,
          "recall": 0.994934900483782,
          "f1-score": 0.9949296462180731,
          "support": 30799.0
        }
      },
      "y_pred": "[0 1 0 ... 0 1 0]",
      "y_pred_proba": "[[9.99999112e-01 8.88044537e-07]\n [8.20975784e-03 9.91790242e-01]\n [9.98790564e-01 1.20943638e-03]\n ...\n [9.97051236e-01 2.94876368e-03]\n [3.08826689e-04 9.99691173e-01]\n [9.96317719e-01 3.68228138e-03]]",
      "auc_roc": 0.9996338650388303,
      "tpr": 0.9882926829268293,
      "fpr": 0.0017519100686164777,
      "g_mean": 0.9932579136482476
    },
    "test": {
      "f1": 0.9947477415288575,
      "f1_score": 0.993006993006993,
      "precision": 0.9964912280701754,
      "recall": 0.9895470383275261,
      "accuracy": 0.9953246753246753,
      "classification_report": {
        "0": {
          "precision": 0.9947419668938656,
          "recall": 0.9982411569278874,
          "f1-score": 0.9964884900507218,
          "support": 5117.0
        },
        "1": {
          "precision": 0.9964912280701754,
          "recall": 0.9895470383275261,
          "f1-score": 0.993006993006993,
          "support": 2583.0
        },
        "accuracy": 0.9953246753246753,
        "macro avg": {
          "precision": 0.9956165974820206,
          "recall": 0.9938940976277068,
          "f1-score": 0.9947477415288575,
          "support": 7700.0
        },
        "weighted avg": {
          "precision": 0.995328764506646,
          "recall": 0.9953246753246753,
          "f1-score": 0.9953206060424166,
          "support": 7700.0
        }
      },
      "y_pred": "[1 0 0 ... 1 0 0]",
      "y_pred_proba": "[[1.40998188e-03 9.98590018e-01]\n [9.99999275e-01 7.24627571e-07]\n [9.99820432e-01 1.79567615e-04]\n ...\n [2.80936676e-04 9.99719063e-01]\n [9.98467853e-01 1.53214653e-03]\n [9.99825936e-01 1.74063992e-04]]",
      "auc_roc": 0.999541204267678,
      "tpr": 0.9895470383275261,
      "fpr": 0.0017588430721125659,
      "g_mean": 0.993884591074152
    }
  },
  "model_info": {
    "best_params": {
      "C": 0.1,
      "solver": "lbfgs"
    },
    "best_cv_score": 0.9902877302154292,
    "trained_model": "LogisticRegression(C=0.1, max_iter=2000, random_state=0)"
  },
  "paths": {
    "plots": {}
  },
  "additional_info": {}
}