{
  "experiment_info": {
    "type": "single_model_grid_search",
    "model_name": "LogisticRegression",
    "n_components": 50,
    "ratio": "x2",
    "version": 1,
    "suffix": "x2_v1_50_LogisticRegression",
    "timestamp": "2025-07-04T16:17:54.406983"
  },
  "pca_info": {
    "n_components": 50,
    "explained_variance_ratio": 0.46690872228810465
  },
  "metrics": {
    "train": {
      "f1": 0.9915780064944001,
      "f1_score": 0.9887431480031323,
      "precision": 0.9920447849145551,
      "recall": 0.9854634146341463,
      "accuracy": 0.9925322250722426,
      "classification_report": {
        "0": {
          "precision": 0.992772954358054,
          "recall": 0.9960582023456129,
          "f1-score": 0.9944128649856678,
          "support": 20549.0
        },
        "1": {
          "precision": 0.9920447849145551,
          "recall": 0.9854634146341463,
          "f1-score": 0.9887431480031323,
          "support": 10250.0
        },
        "accuracy": 0.9925322250722426,
        "macro avg": {
          "precision": 0.9924088696363045,
          "recall": 0.9907608084898796,
          "f1-score": 0.9915780064944001,
          "support": 30799.0
        },
        "weighted avg": {
          "precision": 0.9925306173732212,
          "recall": 0.9925322250722426,
          "f1-score": 0.9925259660905418,
          "support": 30799.0
        }
      },
      "y_pred": "[0 1 0 ... 0 1 0]",
      "y_pred_proba": "[[9.99999890e-01 1.09510012e-07]\n [5.86350583e-05 9.99941365e-01]\n [9.99490791e-01 5.09208926e-04]\n ...\n [9.98461990e-01 1.53800978e-03]\n [1.47826336e-06 9.99998522e-01]\n [9.99996573e-01 3.42652959e-06]]",
      "auc_roc": 0.9994391466441309,
      "tpr": 0.9854634146341463,
      "fpr": 0.003941797654387074,
      "g_mean": 0.9907466463520617
    },
    "test": {
      "f1": 0.9943072979700711,
      "f1_score": 0.9924168773089637,
      "precision": 0.996875,
      "recall": 0.9879984514130855,
      "accuracy": 0.9949350649350649,
      "classification_report": {
        "0": {
          "precision": 0.9939688715953308,
          "recall": 0.9984365839359,
          "f1-score": 0.9961977186311787,
          "support": 5117.0
        },
        "1": {
          "precision": 0.996875,
          "recall": 0.9879984514130855,
          "f1-score": 0.9924168773089637,
          "support": 2583.0
        },
        "accuracy": 0.9949350649350649,
        "macro avg": {
          "precision": 0.9954219357976654,
          "recall": 0.9932175176744927,
          "f1-score": 0.9943072979700711,
          "support": 7700.0
        },
        "weighted avg": {
          "precision": 0.9949437455783517,
          "recall": 0.9949350649350649,
          "f1-score": 0.9949294182239992,
          "support": 7700.0
        }
      },
      "y_pred": "[1 0 0 ... 1 0 0]",
      "y_pred_proba": "[[9.02905918e-05 9.99909709e-01]\n [1.00000000e+00 1.11969154e-10]\n [9.99999325e-01 6.75464184e-07]\n ...\n [6.46769952e-06 9.99993532e-01]\n [9.99995974e-01 4.02604172e-06]\n [9.99999577e-01 4.23103917e-07]]",
      "auc_roc": 0.9994448904538181,
      "tpr": 0.9879984514130855,
      "fpr": 0.0015634160641000586,
      "g_mean": 0.9932038052498794
    }
  },
  "model_info": {
    "best_params": {
      "C": 100,
      "solver": "lbfgs"
    },
    "best_cv_score": 0.9879524450789351,
    "trained_model": "LogisticRegression(C=100, max_iter=2000, random_state=0)"
  },
  "paths": {
    "plots": {}
  },
  "additional_info": {}
}