{
  "experiment_info": {
    "type": "single_model_grid_search",
    "model_name": "LogisticRegression",
    "n_components": 20,
    "ratio": "x2",
    "version": 1,
    "suffix": "x2_v1_20_LogisticRegression",
    "timestamp": "2025-07-04T15:42:00.991954"
  },
  "pca_info": {
    "n_components": 20,
    "explained_variance_ratio": 0.3343251180665613
  },
  "metrics": {
    "train": {
      "f1": 0.9888159463067032,
      "f1_score": 0.9850306748466258,
      "precision": 0.9911111111111112,
      "recall": 0.9790243902439024,
      "accuracy": 0.9900970810740608,
      "classification_report": {
        "0": {
          "precision": 0.9896004643513592,
          "recall": 0.9956202248284588,
          "f1-score": 0.9926012177667807,
          "support": 20549.0
        },
        "1": {
          "precision": 0.9911111111111112,
          "recall": 0.9790243902439024,
          "f1-score": 0.9850306748466258,
          "support": 10250.0
        },
        "accuracy": 0.9900970810740608,
        "macro avg": {
          "precision": 0.9903557877312352,
          "recall": 0.9873223075361806,
          "f1-score": 0.9888159463067032,
          "support": 30799.0
        },
        "weighted avg": {
          "precision": 0.9901032121447115,
          "recall": 0.9900970810740608,
          "f1-score": 0.990081718272265,
          "support": 30799.0
        }
      },
      "y_pred": "[0 1 0 ... 0 1 0]",
      "y_pred_proba": "[[9.99997064e-01 2.93589267e-06]\n [2.49178218e-04 9.99750822e-01]\n [9.99138877e-01 8.61122954e-04]\n ...\n [9.98138547e-01 1.86145302e-03]\n [5.15766723e-05 9.99948423e-01]\n [9.99924113e-01 7.58867615e-05]]",
      "auc_roc": 0.9984443845703727,
      "tpr": 0.9790243902439024,
      "fpr": 0.004379775171541194,
      "g_mean": 0.9872874371363077
    },
    "test": {
      "f1": 0.9929888331233019,
      "f1_score": 0.9906542056074766,
      "precision": 0.9964747356051704,
      "recall": 0.9849012775842044,
      "accuracy": 0.9937662337662337,
      "classification_report": {
        "0": {
          "precision": 0.9924227705459491,
          "recall": 0.9982411569278874,
          "f1-score": 0.995323460639127,
          "support": 5117.0
        },
        "1": {
          "precision": 0.9964747356051704,
          "recall": 0.9849012775842044,
          "f1-score": 0.9906542056074766,
          "support": 2583.0
        },
        "accuracy": 0.9937662337662337,
        "macro avg": {
          "precision": 0.9944487530755597,
          "recall": 0.9915712172560459,
          "f1-score": 0.9929888331233019,
          "support": 7700.0
        },
        "weighted avg": {
          "precision": 0.993782020643088,
          "recall": 0.9937662337662337,
          "f1-score": 0.9937571378148733,
          "support": 7700.0
        }
      },
      "y_pred": "[1 0 0 ... 1 0 0]",
      "y_pred_proba": "[[5.59400859e-04 9.99440599e-01]\n [9.99999950e-01 5.01687921e-08]\n [9.99958185e-01 4.18150746e-05]\n ...\n [1.67495032e-05 9.99983250e-01]\n [9.99980058e-01 1.99421995e-05]\n [9.99988780e-01 1.12204082e-05]]",
      "auc_roc": 0.9987280977809918,
      "tpr": 0.9849012775842044,
      "fpr": 0.0017588430721125659,
      "g_mean": 0.991548783870673
    }
  },
  "model_info": {
    "best_params": {
      "C": 1,
      "solver": "liblinear"
    },
    "best_cv_score": 0.9834002409104474,
    "trained_model": "LogisticRegression(C=1, max_iter=2000, random_state=0, solver='liblinear')"
  },
  "paths": {
    "plots": {}
  },
  "additional_info": {}
}