{
  "experiment_info": {
    "type": "single_model_grid_search",
    "model_name": "LogisticRegression",
    "n_components": 100,
    "ratio": "x2",
    "version": 1,
    "suffix": "x2_v1_100_LogisticRegression",
    "timestamp": "2025-07-04T17:29:58.715506"
  },
  "pca_info": {
    "n_components": 100,
    "explained_variance_ratio": 0.5977774509708543
  },
  "metrics": {
    "train": {
      "f1": 0.9921945279687119,
      "f1_score": 0.9895593353266997,
      "precision": 0.994384789675894,
      "recall": 0.984780487804878,
      "accuracy": 0.9930841910451638,
      "classification_report": {
        "0": {
          "precision": 0.9924447888415343,
          "recall": 0.9972261423913572,
          "f1-score": 0.994829720610724,
          "support": 20549.0
        },
        "1": {
          "precision": 0.994384789675894,
          "recall": 0.984780487804878,
          "f1-score": 0.9895593353266997,
          "support": 10250.0
        },
        "accuracy": 0.9930841910451638,
        "macro avg": {
          "precision": 0.9934147892587142,
          "recall": 0.9910033150981177,
          "f1-score": 0.9921945279687119,
          "support": 30799.0
        },
        "weighted avg": {
          "precision": 0.9930904269645963,
          "recall": 0.9930841910451638,
          "f1-score": 0.9930757205080827,
          "support": 30799.0
        }
      },
      "y_pred": "[0 1 0 ... 0 1 0]",
      "y_pred_proba": "[[9.99992218e-01 7.78150288e-06]\n [2.82410076e-03 9.97175899e-01]\n [9.97746924e-01 2.25307644e-03]\n ...\n [9.98300333e-01 1.69966735e-03]\n [3.19235873e-04 9.99680764e-01]\n [9.94623619e-01 5.37638054e-03]]",
      "auc_roc": 0.999448945945978,
      "tpr": 0.984780487804878,
      "fpr": 0.0027738576086427562,
      "g_mean": 0.9909837773424637
    },
    "test": {
      "f1": 0.9935730970296933,
      "f1_score": 0.9914330218068536,
      "precision": 0.9972581276929103,
      "recall": 0.9856755710414247,
      "accuracy": 0.9942857142857143,
      "classification_report": {
        "0": {
          "precision": 0.9928113464153876,
          "recall": 0.9986320109439124,
          "f1-score": 0.9957131722525331,
          "support": 5117.0
        },
        "1": {
          "precision": 0.9972581276929103,
          "recall": 0.9856755710414247,
          "f1-score": 0.9914330218068536,
          "support": 2583.0
        },
        "accuracy": 0.9942857142857143,
        "macro avg": {
          "precision": 0.995034737054149,
          "recall": 0.9921537909926685,
          "f1-score": 0.9935730970296933,
          "support": 7700.0
        },
        "weighted avg": {
          "precision": 0.9943030394075747,
          "recall": 0.9942857142857143,
          "f1-score": 0.9942773763303006,
          "support": 7700.0
        }
      },
      "y_pred": "[1 0 0 ... 1 0 0]",
      "y_pred_proba": "[[7.97379915e-04 9.99202620e-01]\n [9.99984379e-01 1.56205620e-05]\n [9.99847774e-01 1.52226325e-04]\n ...\n [8.89079966e-05 9.99911092e-01]\n [9.98850159e-01 1.14984130e-03]\n [9.99789212e-01 2.10788037e-04]]",
      "auc_roc": 0.9994306665755734,
      "tpr": 0.9856755710414247,
      "fpr": 0.0013679890560875513,
      "g_mean": 0.9921326411561042
    }
  },
  "model_info": {
    "best_params": {
      "C": 0.1,
      "solver": "liblinear"
    },
    "best_cv_score": 0.9883192512009934,
    "trained_model": "LogisticRegression(C=0.1, max_iter=2000, random_state=0, solver='liblinear')"
  },
  "paths": {
    "plots": {}
  },
  "additional_info": {}
}