{
  "experiment_info": {
    "type": "single_model_grid_search",
    "model_name": "RandomForest",
    "n_components": 500,
    "ratio": "x2",
    "version": 1,
    "suffix": "x2_v1_500_RandomForest",
    "timestamp": "2025-07-05T05:56:43.216945"
  },
  "pca_info": {
    "n_components": 500,
    "explained_variance_ratio": 0.9637819540059822
  },
  "metrics": {
    "train": {
      "f1": 0.9989391144739266,
      "f1_score": 0.9985833618289287,
      "precision": 1.0,
      "recall": 0.9971707317073171,
      "accuracy": 0.9990584109873697,
      "classification_report": {
        "0": {
          "precision": 0.9985907279619011,
          "recall": 1.0,
          "f1-score": 0.9992948671189243,
          "support": 20549.0
        },
        "1": {
          "precision": 1.0,
          "recall": 0.9971707317073171,
          "f1-score": 0.9985833618289287,
          "support": 10250.0
        },
        "accuracy": 0.9990584109873697,
        "macro avg": {
          "precision": 0.9992953639809505,
          "recall": 0.9985853658536585,
          "f1-score": 0.9989391144739266,
          "support": 30799.0
        },
        "weighted avg": {
          "precision": 0.9990597379424365,
          "recall": 0.9990584109873697,
          "f1-score": 0.999058076014588,
          "support": 30799.0
        }
      },
      "y_pred": "[0 1 0 ... 0 1 0]",
      "y_pred_proba": "[[0.9687238  0.0312762 ]\n [0.11823703 0.88176297]\n [0.90798803 0.09201197]\n ...\n [0.9505414  0.0494586 ]\n [0.04722161 0.95277839]\n [0.97881729 0.02118271]]",
      "auc_roc": 0.9999999999999999,
      "tpr": 0.9971707317073171,
      "fpr": 0.0,
      "g_mean": 0.9985843638407909
    },
    "test": {
      "f1": 0.9803726197105853,
      "f1_score": 0.9735744089012517,
      "precision": 1.0,
      "recall": 0.948509485094851,
      "accuracy": 0.9827272727272728,
      "classification_report": {
        "0": {
          "precision": 0.9746666666666667,
          "recall": 1.0,
          "f1-score": 0.9871708305199189,
          "support": 5117.0
        },
        "1": {
          "precision": 1.0,
          "recall": 0.948509485094851,
          "f1-score": 0.9735744089012517,
          "support": 2583.0
        },
        "accuracy": 0.9827272727272728,
        "macro avg": {
          "precision": 0.9873333333333334,
          "recall": 0.9742547425474255,
          "f1-score": 0.9803726197105853,
          "support": 7700.0
        },
        "weighted avg": {
          "precision": 0.9831648484848484,
          "recall": 0.9827272727272728,
          "f1-score": 0.9826098490860207,
          "support": 7700.0
        }
      },
      "y_pred": "[1 0 0 ... 1 0 0]",
      "y_pred_proba": "[[0.1359712  0.8640288 ]\n [0.91325543 0.08674457]\n [0.85352516 0.14647484]\n ...\n [0.29449368 0.70550632]\n [0.85682167 0.14317833]\n [0.919434   0.080566  ]]",
      "auc_roc": 0.9968931418284841,
      "tpr": 0.948509485094851,
      "fpr": 0.0,
      "g_mean": 0.9739145163179626
    }
  },
  "model_info": {
    "best_params": {
      "max_depth": 20,
      "min_samples_split": 5,
      "n_estimators": 200
    },
    "best_cv_score": 0.9689152353222857,
    "trained_model": "RandomForestClassifier(max_depth=20, min_samples_split=5, n_estimators=200,\n                       n_jobs=-1, random_state=0)"
  },
  "paths": {
    "plots": {}
  },
  "additional_info": {}
}