{
  "experiment_info": {
    "type": "single_model_grid_search",
    "model_name": "XGBoost",
    "n_components": 50,
    "ratio": "x2",
    "version": 1,
    "suffix": "x2_v1_50_XGBoost",
    "timestamp": "2025-07-04T10:43:29.071678"
  },
  "pca_info": {
    "n_components": 50,
    "explained_variance_ratio": 0.47412731287186966
  },
  "metrics": {
    "train": {
      "f1": 1.0,
      "f1_score": 1.0,
      "precision": 1.0,
      "recall": 1.0,
      "accuracy": 1.0,
      "classification_report": {
        "0": {
          "precision": 1.0,
          "recall": 1.0,
          "f1-score": 1.0,
          "support": 20549.0
        },
        "1": {
          "precision": 1.0,
          "recall": 1.0,
          "f1-score": 1.0,
          "support": 10250.0
        },
        "accuracy": 1.0,
        "macro avg": {
          "precision": 1.0,
          "recall": 1.0,
          "f1-score": 1.0,
          "support": 30799.0
        },
        "weighted avg": {
          "precision": 1.0,
          "recall": 1.0,
          "f1-score": 1.0,
          "support": 30799.0
        }
      },
      "y_pred": "[0 1 0 ... 0 1 0]",
      "y_pred_proba": "[[9.99999046e-01 9.32985415e-07]\n [1.31130219e-06 9.99998689e-01]\n [9.99996483e-01 3.48935168e-06]\n ...\n [9.94890392e-01 5.10960445e-03]\n [0.00000000e+00 1.00000000e+00]\n [9.99985218e-01 1.47881465e-05]]",
      "auc_roc": 1.0,
      "tpr": 1.0,
      "fpr": 0.0,
      "g_mean": 1.0
    },
    "test": {
      "f1": 0.9960611869877305,
      "f1_score": 0.9947562633521072,
      "precision": 0.9980514419329696,
      "recall": 0.9914827719705769,
      "accuracy": 0.9964935064935065,
      "classification_report": {
        "0": {
          "precision": 0.995714842228282,
          "recall": 0.9990228649599374,
          "f1-score": 0.9973661106233538,
          "support": 5117.0
        },
        "1": {
          "precision": 0.9980514419329696,
          "recall": 0.9914827719705769,
          "f1-score": 0.9947562633521072,
          "support": 2583.0
        },
        "accuracy": 0.9964935064935065,
        "macro avg": {
          "precision": 0.9968831420806258,
          "recall": 0.9952528184652571,
          "f1-score": 0.9960611869877305,
          "support": 7700.0
        },
        "weighted avg": {
          "precision": 0.9964986652201271,
          "recall": 0.9964935064935065,
          "f1-score": 0.996490625493272,
          "support": 7700.0
        }
      },
      "y_pred": "[1 0 0 ... 1 0 0]",
      "y_pred_proba": "[[2.6226044e-06 9.9999738e-01]\n [9.9997741e-01 2.2575350e-05]\n [9.9999976e-01 2.5823132e-07]\n ...\n [1.9073486e-06 9.9999809e-01]\n [9.9999690e-01 3.0938907e-06]\n [9.9983519e-01 1.6482105e-04]]",
      "auc_roc": 0.9996294225763666,
      "tpr": 0.9914827719705769,
      "fpr": 0.0009771350400625367,
      "g_mean": 0.9952456779169986
    }
  },
  "model_info": {
    "best_params": {
      "n_estimators": 300,
      "max_depth": 3,
      "learning_rate": 0.2
    },
    "best_cv_score": 0.9916638169410132,
    "trained_model": "XGBClassifier(base_score=None, booster=None, callbacks=None,\n              colsample_bylevel=None, colsample_bynode=None,\n              colsample_bytree=None, device=None, early_stopping_rounds=None,\n              enable_categorical=False, eval_metric='logloss',\n              feature_types=None, feature_weights=None, gamma=None,\n              grow_policy=None, importance_type=None,\n              interaction_constraints=None, learning_rate=0.2, max_bin=None,\n              max_cat_threshold=None, max_cat_to_onehot=None,\n              max_delta_step=None, max_depth=3, max_leaves=None,\n              min_child_weight=None, missing=nan, monotone_constraints=None,\n              multi_strategy=None, n_estimators=300, n_jobs=-1,\n              num_parallel_tree=None, ...)"
  },
  "paths": {
    "plots": {}
  },
  "additional_info": {}
}