{
  "experiment_info": {
    "type": "single_model_grid_search",
    "model_name": "XGBoost",
    "n_components": 500,
    "ratio": "x2",
    "version": 1,
    "suffix": "x2_v1_500_XGBoost",
    "timestamp": "2025-07-08T01:45:28.057758"
  },
  "pca_info": {
    "n_components": 500,
    "explained_variance_ratio": 0.9637598383072935
  },
  "metrics": {
    "train": {
      "f1": 1.0,
      "f1_score": 1.0,
      "precision": 1.0,
      "recall": 1.0,
      "accuracy": 1.0,
      "classification_report": {
        "0": {
          "precision": 1.0,
          "recall": 1.0,
          "f1-score": 1.0,
          "support": 20549.0
        },
        "1": {
          "precision": 1.0,
          "recall": 1.0,
          "f1-score": 1.0,
          "support": 10250.0
        },
        "accuracy": 1.0,
        "macro avg": {
          "precision": 1.0,
          "recall": 1.0,
          "f1-score": 1.0,
          "support": 30799.0
        },
        "weighted avg": {
          "precision": 1.0,
          "recall": 1.0,
          "f1-score": 1.0,
          "support": 30799.0
        }
      },
      "y_pred": "[0 1 0 ... 0 1 0]",
      "y_pred_proba": "[[9.9999815e-01 1.8203356e-06]\n [4.0531158e-06 9.9999595e-01]\n [9.9999803e-01 1.9534973e-06]\n ...\n [9.9537933e-01 4.6206866e-03]\n [0.0000000e+00 1.0000000e+00]\n [9.9994200e-01 5.7974059e-05]]",
      "auc_roc": 1.0,
      "tpr": 1.0,
      "fpr": 0.0,
      "g_mean": 1.0
    },
    "test": {
      "f1": 0.9964971382681125,
      "f1_score": 0.995334370139969,
      "precision": 0.9996095275283092,
      "recall": 0.9910956252419667,
      "accuracy": 0.9968831168831169,
      "classification_report": {
        "0": {
          "precision": 0.995524421093598,
          "recall": 0.9998045729919874,
          "f1-score": 0.9976599063962559,
          "support": 5117.0
        },
        "1": {
          "precision": 0.9996095275283092,
          "recall": 0.9910956252419667,
          "f1-score": 0.995334370139969,
          "support": 2583.0
        },
        "accuracy": 0.9968831168831169,
        "macro avg": {
          "precision": 0.9975669743109536,
          "recall": 0.995450099116977,
          "f1-score": 0.9964971382681125,
          "support": 7700.0
        },
        "weighted avg": {
          "precision": 0.9968947886157874,
          "recall": 0.9968831168831169,
          "f1-score": 0.9968797946884651,
          "support": 7700.0
        }
      },
      "y_pred": "[1 0 0 ... 1 0 0]",
      "y_pred_proba": "[[1.9073486e-06 9.9999809e-01]\n [9.9999523e-01 4.7911540e-06]\n [9.9999768e-01 2.3471127e-06]\n ...\n [4.6491623e-06 9.9999535e-01]\n [9.9996477e-01 3.5226611e-05]\n [9.9961400e-01 3.8602771e-04]]",
      "auc_roc": 0.9994651670462097,
      "tpr": 0.9910956252419667,
      "fpr": 0.00019542700801250732,
      "g_mean": 0.9954405750165458
    }
  },
  "model_info": {
    "best_params": {
      "n_estimators": 300,
      "max_depth": 3,
      "learning_rate": 0.2
    },
    "best_cv_score": 0.9904220475068698,
    "trained_model": "XGBClassifier(base_score=None, booster=None, callbacks=None,\n              colsample_bylevel=None, colsample_bynode=None,\n              colsample_bytree=None, device=None, early_stopping_rounds=None,\n              enable_categorical=False, eval_metric='logloss',\n              feature_types=None, feature_weights=None, gamma=None,\n              grow_policy=None, importance_type=None,\n              interaction_constraints=None, learning_rate=0.2, max_bin=None,\n              max_cat_threshold=None, max_cat_to_onehot=None,\n              max_delta_step=None, max_depth=3, max_leaves=None,\n              min_child_weight=None, missing=nan, monotone_constraints=None,\n              multi_strategy=None, n_estimators=300, n_jobs=-1,\n              num_parallel_tree=None, ...)"
  },
  "paths": {
    "plots": {}
  },
  "additional_info": {}
}