{
  "experiment_info": {
    "type": "single_model_grid_search",
    "model_name": "XGBoost",
    "n_components": 200,
    "ratio": "x2",
    "version": 1,
    "suffix": "x2_v1_200_XGBoost",
    "timestamp": "2025-07-04T13:39:34.492158"
  },
  "pca_info": {
    "n_components": 200,
    "explained_variance_ratio": 0.7710376117344098
  },
  "metrics": {
    "train": {
      "f1": 1.0,
      "f1_score": 1.0,
      "precision": 1.0,
      "recall": 1.0,
      "accuracy": 1.0,
      "classification_report": {
        "0": {
          "precision": 1.0,
          "recall": 1.0,
          "f1-score": 1.0,
          "support": 20549.0
        },
        "1": {
          "precision": 1.0,
          "recall": 1.0,
          "f1-score": 1.0,
          "support": 10250.0
        },
        "accuracy": 1.0,
        "macro avg": {
          "precision": 1.0,
          "recall": 1.0,
          "f1-score": 1.0,
          "support": 30799.0
        },
        "weighted avg": {
          "precision": 1.0,
          "recall": 1.0,
          "f1-score": 1.0,
          "support": 30799.0
        }
      },
      "y_pred": "[0 1 0 ... 0 1 0]",
      "y_pred_proba": "[[9.9999893e-01 1.0439288e-06]\n [2.8610229e-06 9.9999714e-01]\n [9.9998713e-01 1.2887139e-05]\n ...\n [9.9803448e-01 1.9655330e-03]\n [0.0000000e+00 1.0000000e+00]\n [9.9994248e-01 5.7527373e-05]]",
      "auc_roc": 1.0,
      "tpr": 1.0,
      "fpr": 0.0,
      "g_mean": 1.0
    },
    "test": {
      "f1": 0.9960588985946647,
      "f1_score": 0.9947501458292826,
      "precision": 0.99921875,
      "recall": 0.9903213317847465,
      "accuracy": 0.9964935064935065,
      "classification_report": {
        "0": {
          "precision": 0.995136186770428,
          "recall": 0.999609145983975,
          "f1-score": 0.9973676513600468,
          "support": 5117.0
        },
        "1": {
          "precision": 0.99921875,
          "recall": 0.9903213317847465,
          "f1-score": 0.9947501458292826,
          "support": 2583.0
        },
        "accuracy": 0.9964935064935065,
        "macro avg": {
          "precision": 0.997177468385214,
          "recall": 0.9949652388843607,
          "f1-score": 0.9960588985946647,
          "support": 7700.0
        },
        "weighted avg": {
          "precision": 0.9965057011628936,
          "recall": 0.9964935064935065,
          "f1-score": 0.9964895972319996,
          "support": 7700.0
        }
      },
      "y_pred": "[1 0 0 ... 1 0 0]",
      "y_pred_proba": "[[3.9339066e-06 9.9999607e-01]\n [9.9998003e-01 1.9940007e-05]\n [9.9999988e-01 1.2414063e-07]\n ...\n [1.3113022e-05 9.9998689e-01]\n [9.9999124e-01 8.7698818e-06]\n [9.9989325e-01 1.0676685e-04]]",
      "auc_roc": 0.999589928616559,
      "tpr": 0.9903213317847465,
      "fpr": 0.00039085401602501464,
      "g_mean": 0.9949544013245346
    }
  },
  "model_info": {
    "best_params": {
      "n_estimators": 300,
      "max_depth": 3,
      "learning_rate": 0.2
    },
    "best_cv_score": 0.9909707287889435,
    "trained_model": "XGBClassifier(base_score=None, booster=None, callbacks=None,\n              colsample_bylevel=None, colsample_bynode=None,\n              colsample_bytree=None, device=None, early_stopping_rounds=None,\n              enable_categorical=False, eval_metric='logloss',\n              feature_types=None, feature_weights=None, gamma=None,\n              grow_policy=None, importance_type=None,\n              interaction_constraints=None, learning_rate=0.2, max_bin=None,\n              max_cat_threshold=None, max_cat_to_onehot=None,\n              max_delta_step=None, max_depth=3, max_leaves=None,\n              min_child_weight=None, missing=nan, monotone_constraints=None,\n              multi_strategy=None, n_estimators=300, n_jobs=-1,\n              num_parallel_tree=None, ...)"
  },
  "paths": {
    "plots": {}
  },
  "additional_info": {}
}