{
  "experiment_info": {
    "type": "single_model_grid_search",
    "model_name": "MLPClassifier",
    "n_components": 20,
    "ratio": "x2",
    "version": 1,
    "suffix": "x2_v1_20_MLPClassifier",
    "timestamp": "2025-07-04T15:27:08.317355"
  },
  "pca_info": {
    "n_components": 20,
    "explained_variance_ratio": 0.3343251180665613
  },
  "metrics": {
    "train": {
      "f1": 0.9942104551420057,
      "f1_score": 0.9922564203097431,
      "precision": 0.9969470159543037,
      "recall": 0.987609756097561,
      "accuracy": 0.994869963310497,
      "classification_report": {
        "0": {
          "precision": 0.9938483894405425,
          "recall": 0.998491410774247,
          "f1-score": 0.9961644899742681,
          "support": 20549.0
        },
        "1": {
          "precision": 0.9969470159543037,
          "recall": 0.987609756097561,
          "f1-score": 0.9922564203097431,
          "support": 10250.0
        },
        "accuracy": 0.994869963310497,
        "macro avg": {
          "precision": 0.9953977026974231,
          "recall": 0.993050583435904,
          "f1-score": 0.9942104551420057,
          "support": 30799.0
        },
        "weighted avg": {
          "precision": 0.9948796216807467,
          "recall": 0.994869963310497,
          "f1-score": 0.9948638726145687,
          "support": 30799.0
        }
      },
      "y_pred": "[0 1 0 ... 0 1 0]",
      "y_pred_proba": "[[9.99924812e-01 7.51877890e-05]\n [2.72295036e-04 9.99727705e-01]\n [9.99596111e-01 4.03889410e-04]\n ...\n [9.98875609e-01 1.12439056e-03]\n [1.57056766e-05 9.99984294e-01]\n [9.99967778e-01 3.22215597e-05]]",
      "auc_roc": 0.9996287897221278,
      "tpr": 0.987609756097561,
      "fpr": 0.001508589225753078,
      "g_mean": 0.9930356784427554
    },
    "test": {
      "f1": 0.9948941312803914,
      "f1_score": 0.9932025636045834,
      "precision": 0.9964925954793453,
      "recall": 0.9899341850561363,
      "accuracy": 0.9954545454545455,
      "classification_report": {
        "0": {
          "precision": 0.9949357226334242,
          "recall": 0.9982411569278874,
          "f1-score": 0.9965856989561994,
          "support": 5117.0
        },
        "1": {
          "precision": 0.9964925954793453,
          "recall": 0.9899341850561363,
          "f1-score": 0.9932025636045834,
          "support": 2583.0
        },
        "accuracy": 0.9954545454545455,
        "macro avg": {
          "precision": 0.9957141590563847,
          "recall": 0.9940876709920119,
          "f1-score": 0.9948941312803914,
          "support": 7700.0
        },
        "weighted avg": {
          "precision": 0.9954579827062832,
          "recall": 0.9954545454545455,
          "f1-score": 0.9954508108246118,
          "support": 7700.0
        }
      },
      "y_pred": "[1 0 0 ... 1 0 0]",
      "y_pred_proba": "[[4.45804034e-04 9.99554196e-01]\n [9.99999129e-01 8.70636391e-07]\n [9.99938859e-01 6.11409450e-05]\n ...\n [5.21065775e-05 9.99947893e-01]\n [9.99945415e-01 5.45847828e-05]\n [9.99830135e-01 1.69864839e-04]]",
      "auc_roc": 0.9990639477572084,
      "tpr": 0.9899341850561363,
      "fpr": 0.0017588430721125659,
      "g_mean": 0.994078993930011
    }
  },
  "model_info": {
    "best_params": {
      "activation": "relu",
      "alpha": 0.0001,
      "hidden_layer_sizes": [
        100
      ],
      "learning_rate_init": 0.001,
      "max_iter": 1000,
      "solver": "adam"
    },
    "best_cv_score": 0.9907328097384711,
    "trained_model": "MLPClassifier(early_stopping=True, max_iter=1000, random_state=0,\n              validation_fraction=0.3)"
  },
  "paths": {
    "plots": {}
  },
  "additional_info": {}
}