{
  "experiment_info": {
    "type": "single_model_grid_search",
    "model_name": "AdaBoost",
    "n_components": 500,
    "ratio": "x2",
    "version": 1,
    "suffix": "x2_v1_500_AdaBoost",
    "timestamp": "2025-07-07T15:46:34.943516"
  },
  "pca_info": {
    "n_components": 500,
    "explained_variance_ratio": 0.9637884560186714
  },
  "metrics": {
    "train": {
      "f1": 1.0,
      "f1_score": 1.0,
      "precision": 1.0,
      "recall": 1.0,
      "accuracy": 1.0,
      "classification_report": {
        "0": {
          "precision": 1.0,
          "recall": 1.0,
          "f1-score": 1.0,
          "support": 20549.0
        },
        "1": {
          "precision": 1.0,
          "recall": 1.0,
          "f1-score": 1.0,
          "support": 10250.0
        },
        "accuracy": 1.0,
        "macro avg": {
          "precision": 1.0,
          "recall": 1.0,
          "f1-score": 1.0,
          "support": 30799.0
        },
        "weighted avg": {
          "precision": 1.0,
          "recall": 1.0,
          "f1-score": 1.0,
          "support": 30799.0
        }
      },
      "y_pred": "[0 1 0 ... 0 1 0]",
      "y_pred_proba": "[[0.67837177 0.32162823]\n [0.34440737 0.65559263]\n [0.6389985  0.3610015 ]\n ...\n [0.56990916 0.43009084]\n [0.27998472 0.72001528]\n [0.63418064 0.36581936]]",
      "auc_roc": 1.0,
      "tpr": 1.0,
      "fpr": 0.0,
      "g_mean": 1.0
    },
    "test": {
      "f1": 0.9957669651572324,
      "f1_score": 0.9943612677425627,
      "precision": 0.998828125,
      "recall": 0.9899341850561363,
      "accuracy": 0.9962337662337662,
      "classification_report": {
        "0": {
          "precision": 0.9949416342412452,
          "recall": 0.9994137189759624,
          "f1-score": 0.9971726625719021,
          "support": 5117.0
        },
        "1": {
          "precision": 0.998828125,
          "recall": 0.9899341850561363,
          "f1-score": 0.9943612677425627,
          "support": 2583.0
        },
        "accuracy": 0.9962337662337662,
        "macro avg": {
          "precision": 0.9968848796206226,
          "recall": 0.9946739520160494,
          "f1-score": 0.9957669651572324,
          "support": 7700.0
        },
        "weighted avg": {
          "precision": 0.9962453752321366,
          "recall": 0.9962337662337662,
          "f1-score": 0.9962295673973328,
          "support": 7700.0
        }
      },
      "y_pred": "[1 0 0 ... 1 0 0]",
      "y_pred_proba": "[[0.33938395 0.66061605]\n [0.65280303 0.34719697]\n [0.69666573 0.30333427]\n ...\n [0.40334946 0.59665054]\n [0.63268516 0.36731484]\n [0.62762303 0.37237697]]",
      "auc_roc": 0.9992537760046352,
      "tpr": 0.9899341850561363,
      "fpr": 0.000586281024037522,
      "g_mean": 0.9946626591103095
    }
  },
  "model_info": {
    "best_params": {
      "n_estimators": 200,
      "learning_rate": 1.0,
      "estimator__max_depth": 2
    },
    "best_cv_score": 0.9897919762116658,
    "trained_model": "AdaBoostClassifier(estimator=DecisionTreeClassifier(max_depth=2),\n                   n_estimators=200, random_state=0)"
  },
  "paths": {
    "plots": {}
  },
  "additional_info": {}
}