{
  "experiment_info": {
    "type": "single_model_grid_search",
    "model_name": "GradientBoosting",
    "n_components": 200,
    "ratio": "x2",
    "version": 1,
    "suffix": "x2_v1_200_GradientBoosting",
    "timestamp": "2025-07-04T19:35:49.302184"
  },
  "pca_info": {
    "n_components": 200,
    "explained_variance_ratio": 0.7482720870582513
  },
  "metrics": {
    "train": {
      "f1": 1.0,
      "f1_score": 1.0,
      "precision": 1.0,
      "recall": 1.0,
      "accuracy": 1.0,
      "classification_report": {
        "0": {
          "precision": 1.0,
          "recall": 1.0,
          "f1-score": 1.0,
          "support": 20549.0
        },
        "1": {
          "precision": 1.0,
          "recall": 1.0,
          "f1-score": 1.0,
          "support": 10250.0
        },
        "accuracy": 1.0,
        "macro avg": {
          "precision": 1.0,
          "recall": 1.0,
          "f1-score": 1.0,
          "support": 30799.0
        },
        "weighted avg": {
          "precision": 1.0,
          "recall": 1.0,
          "f1-score": 1.0,
          "support": 30799.0
        }
      },
      "y_pred": "[0 1 0 ... 0 1 0]",
      "y_pred_proba": "[[9.99949563e-01 5.04367722e-05]\n [3.67926754e-04 9.99632073e-01]\n [9.99401486e-01 5.98513650e-04]\n ...\n [9.98421324e-01 1.57867629e-03]\n [2.37800301e-04 9.99762200e-01]\n [9.99260203e-01 7.39796843e-04]]",
      "auc_roc": 0.9999999999999999,
      "tpr": 1.0,
      "fpr": 0.0,
      "g_mean": 1.0
    },
    "test": {
      "f1": 0.9937222134235459,
      "f1_score": 0.9916358685080724,
      "precision": 0.9964816262705238,
      "recall": 0.9868370112272551,
      "accuracy": 0.9944155844155844,
      "classification_report": {
        "0": {
          "precision": 0.9933877868533645,
          "recall": 0.9982411569278874,
          "f1-score": 0.9958085583390194,
          "support": 5117.0
        },
        "1": {
          "precision": 0.9964816262705238,
          "recall": 0.9868370112272551,
          "f1-score": 0.9916358685080724,
          "support": 2583.0
        },
        "accuracy": 0.9944155844155844,
        "macro avg": {
          "precision": 0.9949347065619442,
          "recall": 0.9925390840775712,
          "f1-score": 0.9937222134235459,
          "support": 7700.0
        },
        "weighted avg": {
          "precision": 0.9944256293487571,
          "recall": 0.9944155844155844,
          "f1-score": 0.9944088105684562,
          "support": 7700.0
        }
      },
      "y_pred": "[1 0 0 ... 1 0 0]",
      "y_pred_proba": "[[4.95000736e-04 9.99504999e-01]\n [9.99563683e-01 4.36316978e-04]\n [9.99867577e-01 1.32423024e-04]\n ...\n [8.42110041e-04 9.99157890e-01]\n [9.99753859e-01 2.46141046e-04]\n [9.97397389e-01 2.60261082e-03]]",
      "auc_roc": 0.9990474541111585,
      "tpr": 0.9868370112272551,
      "fpr": 0.0017588430721125659,
      "g_mean": 0.9925227049225391
    }
  },
  "model_info": {
    "best_params": {
      "learning_rate": 0.1,
      "max_depth": 5,
      "n_estimators": 200
    },
    "best_cv_score": 0.9860047529553789,
    "trained_model": "GradientBoostingClassifier(max_depth=5, n_estimators=200, random_state=0)"
  },
  "paths": {
    "plots": {}
  },
  "additional_info": {}
}