{
  "experiment_info": {
    "type": "single_model_grid_search",
    "model_name": "GradientBoosting",
    "n_components": 500,
    "ratio": "x2",
    "version": 1,
    "suffix": "x2_v1_500_GradientBoosting",
    "timestamp": "2025-07-08T01:14:38.301572"
  },
  "pca_info": {
    "n_components": 500,
    "explained_variance_ratio": 0.9637598383072935
  },
  "metrics": {
    "train": {
      "f1": 0.9976944118798726,
      "f1_score": 0.9969200684429235,
      "precision": 0.9991180793728565,
      "recall": 0.9947317073170732,
      "accuracy": 0.9979544790415273,
      "classification_report": {
        "0": {
          "precision": 0.9973778770515684,
          "recall": 0.9995620224828459,
          "f1-score": 0.9984687553168218,
          "support": 20549.0
        },
        "1": {
          "precision": 0.9991180793728565,
          "recall": 0.9947317073170732,
          "f1-score": 0.9969200684429235,
          "support": 10250.0
        },
        "accuracy": 0.9979544790415273,
        "macro avg": {
          "precision": 0.9982479782122125,
          "recall": 0.9971468648999595,
          "f1-score": 0.9976944118798726,
          "support": 30799.0
        },
        "weighted avg": {
          "precision": 0.9979570216274704,
          "recall": 0.9979544790415273,
          "f1-score": 0.9979533476588636,
          "support": 30799.0
        }
      },
      "y_pred": "[0 1 0 ... 0 1 0]",
      "y_pred_proba": "[[9.99647875e-01 3.52124876e-04]\n [1.19053782e-03 9.98809462e-01]\n [9.99418760e-01 5.81239777e-04]\n ...\n [9.88351126e-01 1.16488737e-02]\n [5.64494259e-04 9.99435506e-01]\n [9.98835450e-01 1.16455021e-03]]",
      "auc_roc": 0.9999861793761253,
      "tpr": 0.9947317073170732,
      "fpr": 0.0004379775171541194,
      "g_mean": 0.9971439400576368
    },
    "test": {
      "f1": 0.9927009563225985,
      "f1_score": 0.9902761571373007,
      "precision": 0.9949198905822587,
      "recall": 0.9856755710414247,
      "accuracy": 0.9935064935064936,
      "classification_report": {
        "0": {
          "precision": 0.992802956623225,
          "recall": 0.9974594488958374,
          "f1-score": 0.9951257555078963,
          "support": 5117.0
        },
        "1": {
          "precision": 0.9949198905822587,
          "recall": 0.9856755710414247,
          "f1-score": 0.9902761571373007,
          "support": 2583.0
        },
        "accuracy": 0.9935064935064936,
        "macro avg": {
          "precision": 0.9938614236027419,
          "recall": 0.991567509968631,
          "f1-score": 0.9927009563225985,
          "support": 7700.0
        },
        "weighted avg": {
          "precision": 0.9935130917422099,
          "recall": 0.9935064935064936,
          "f1-score": 0.993498935690851,
          "support": 7700.0
        }
      },
      "y_pred": "[1 0 0 ... 1 0 0]",
      "y_pred_proba": "[[9.03057676e-04 9.99096942e-01]\n [9.97913724e-01 2.08627648e-03]\n [9.99609492e-01 3.90508243e-04]\n ...\n [3.01043862e-03 9.96989561e-01]\n [9.99283288e-01 7.16711666e-04]\n [9.81706990e-01 1.82930102e-02]]",
      "auc_roc": 0.998646310481084,
      "tpr": 0.9856755710414247,
      "fpr": 0.0025405511041625955,
      "g_mean": 0.9915500047305074
    }
  },
  "model_info": {
    "best_params": {
      "n_estimators": 200,
      "max_depth": 3,
      "learning_rate": 0.1
    },
    "best_cv_score": 0.9872231622147067,
    "trained_model": "GradientBoostingClassifier(n_estimators=200, random_state=0)"
  },
  "paths": {
    "plots": {}
  },
  "additional_info": {}
}