{
  "experiment_info": {
    "type": "single_model_grid_search",
    "model_name": "GradientBoosting",
    "n_components": 200,
    "ratio": "x2",
    "version": 1,
    "suffix": "x2_v1_200_GradientBoosting",
    "timestamp": "2025-07-04T13:36:29.590419"
  },
  "pca_info": {
    "n_components": 200,
    "explained_variance_ratio": 0.7710376117344098
  },
  "metrics": {
    "train": {
      "f1": 0.9978043636884524,
      "f1_score": 0.9970671619904194,
      "precision": 0.9991183385579937,
      "recall": 0.9950243902439024,
      "accuracy": 0.9980518848014546,
      "classification_report": {
        "0": {
          "precision": 0.9975231897430916,
          "recall": 0.9995620224828459,
          "f1-score": 0.9985415653864852,
          "support": 20549.0
        },
        "1": {
          "precision": 0.9991183385579937,
          "recall": 0.9950243902439024,
          "f1-score": 0.9970671619904194,
          "support": 10250.0
        },
        "accuracy": 0.9980518848014546,
        "macro avg": {
          "precision": 0.9983207641505427,
          "recall": 0.9972932063633742,
          "f1-score": 0.9978043636884524,
          "support": 30799.0
        },
        "weighted avg": {
          "precision": 0.9980540600750097,
          "recall": 0.9980518848014546,
          "f1-score": 0.998050879493772,
          "support": 30799.0
        }
      },
      "y_pred": "[0 1 0 ... 0 1 0]",
      "y_pred_proba": "[[9.99684587e-01 3.15412882e-04]\n [6.07924779e-04 9.99392075e-01]\n [9.99378081e-01 6.21918686e-04]\n ...\n [9.93078227e-01 6.92177311e-03]\n [4.03831951e-04 9.99596168e-01]\n [9.99094775e-01 9.05224808e-04]]",
      "auc_roc": 0.9999897449166716,
      "tpr": 0.9950243902439024,
      "fpr": 0.0004379775171541194,
      "g_mean": 0.9972906256111884
    },
    "test": {
      "f1": 0.9943028726100118,
      "f1_score": 0.9924050632911392,
      "precision": 0.9984326018808778,
      "recall": 0.986449864498645,
      "accuracy": 0.9949350649350649,
      "classification_report": {
        "0": {
          "precision": 0.9932012432012433,
          "recall": 0.99921829196795,
          "f1-score": 0.9962006819288846,
          "support": 5117.0
        },
        "1": {
          "precision": 0.9984326018808778,
          "recall": 0.986449864498645,
          "f1-score": 0.9924050632911392,
          "support": 2583.0
        },
        "accuracy": 0.9949350649350649,
        "macro avg": {
          "precision": 0.9958169225410605,
          "recall": 0.9928340782332975,
          "f1-score": 0.9943028726100118,
          "support": 7700.0
        },
        "weighted avg": {
          "precision": 0.9949561262492298,
          "recall": 0.9949350649350649,
          "f1-score": 0.9949274244040409,
          "support": 7700.0
        }
      },
      "y_pred": "[1 0 0 ... 1 0 0]",
      "y_pred_proba": "[[6.51190524e-04 9.99348809e-01]\n [9.98329181e-01 1.67081894e-03]\n [9.99712226e-01 2.87773820e-04]\n ...\n [2.77438182e-03 9.97225618e-01]\n [9.99539106e-01 4.60893792e-04]\n [9.83172413e-01 1.68275875e-02]]",
      "auc_roc": 0.999345020670397,
      "tpr": 0.986449864498645,
      "fpr": 0.0007817080320500293,
      "g_mean": 0.9928135518395947
    }
  },
  "model_info": {
    "best_params": {
      "n_estimators": 200,
      "max_depth": 3,
      "learning_rate": 0.1
    },
    "best_cv_score": 0.9876683337761364,
    "trained_model": "GradientBoostingClassifier(n_estimators=200, random_state=0)"
  },
  "paths": {
    "plots": {}
  },
  "additional_info": {}
}