{
  "experiment_info": {
    "type": "single_model_grid_search",
    "model_name": "GradientBoosting",
    "n_components": 20,
    "ratio": "x2",
    "version": 1,
    "suffix": "x2_v1_20_GradientBoosting",
    "timestamp": "2025-07-04T10:11:41.059595"
  },
  "pca_info": {
    "n_components": 20,
    "explained_variance_ratio": 0.32941789810531014
  },
  "metrics": {
    "train": {
      "f1": 1.0,
      "f1_score": 1.0,
      "precision": 1.0,
      "recall": 1.0,
      "accuracy": 1.0,
      "classification_report": {
        "0": {
          "precision": 1.0,
          "recall": 1.0,
          "f1-score": 1.0,
          "support": 20549.0
        },
        "1": {
          "precision": 1.0,
          "recall": 1.0,
          "f1-score": 1.0,
          "support": 10250.0
        },
        "accuracy": 1.0,
        "macro avg": {
          "precision": 1.0,
          "recall": 1.0,
          "f1-score": 1.0,
          "support": 30799.0
        },
        "weighted avg": {
          "precision": 1.0,
          "recall": 1.0,
          "f1-score": 1.0,
          "support": 30799.0
        }
      },
      "y_pred": "[0 1 0 ... 0 1 0]",
      "y_pred_proba": "[[9.99947218e-01 5.27817058e-05]\n [9.69924449e-05 9.99903008e-01]\n [9.99807149e-01 1.92850770e-04]\n ...\n [9.98715156e-01 1.28484408e-03]\n [1.14621658e-04 9.99885378e-01]\n [9.99831081e-01 1.68919319e-04]]",
      "auc_roc": 1.0,
      "tpr": 1.0,
      "fpr": 0.0,
      "g_mean": 1.0
    },
    "test": {
      "f1": 0.9940176825328324,
      "f1_score": 0.9920341946765106,
      "precision": 0.9957098283931357,
      "recall": 0.9883855981416957,
      "accuracy": 0.9946753246753247,
      "classification_report": {
        "0": {
          "precision": 0.9941588785046729,
          "recall": 0.9978503029118624,
          "f1-score": 0.9960011703891544,
          "support": 5117.0
        },
        "1": {
          "precision": 0.9957098283931357,
          "recall": 0.9883855981416957,
          "f1-score": 0.9920341946765106,
          "support": 2583.0
        },
        "accuracy": 0.9946753246753247,
        "macro avg": {
          "precision": 0.9949343534489044,
          "recall": 0.9931179505267791,
          "f1-score": 0.9940176825328324,
          "support": 7700.0
        },
        "weighted avg": {
          "precision": 0.99467915169453,
          "recall": 0.9946753246753247,
          "f1-score": 0.9946704303546402,
          "support": 7700.0
        }
      },
      "y_pred": "[1 0 0 ... 1 0 0]",
      "y_pred_proba": "[[1.72385312e-04 9.99827615e-01]\n [9.99840065e-01 1.59934751e-04]\n [9.99912054e-01 8.79458535e-05]\n ...\n [3.01128465e-04 9.99698872e-01]\n [9.99783405e-01 2.16595200e-04]\n [9.99043996e-01 9.56004077e-04]]",
      "auc_roc": 0.9988862249380751,
      "tpr": 0.9883855981416957,
      "fpr": 0.0021496970881375805,
      "g_mean": 0.9931066752869065
    }
  },
  "model_info": {
    "best_params": {
      "n_estimators": 200,
      "max_depth": 5,
      "learning_rate": 0.1
    },
    "best_cv_score": 0.989047725459028,
    "trained_model": "GradientBoostingClassifier(max_depth=5, n_estimators=200, random_state=0)"
  },
  "paths": {
    "plots": {}
  },
  "additional_info": {}
}