{
  "experiment_info": {
    "type": "single_model_grid_search",
    "model_name": "GradientBoosting",
    "n_components": 50,
    "ratio": "x2",
    "version": 1,
    "suffix": "x2_v1_50_GradientBoosting",
    "timestamp": "2025-07-05T06:43:36.164614"
  },
  "pca_info": {
    "n_components": 50,
    "explained_variance_ratio": 0.4669717346409006
  },
  "metrics": {
    "train": {
      "f1": 0.9979140942437759,
      "f1_score": 0.9972136676932102,
      "precision": 0.999314196139904,
      "recall": 0.9951219512195122,
      "accuracy": 0.9981492905613819,
      "classification_report": {
        "0": {
          "precision": 0.9975718725718725,
          "recall": 0.9996593508199912,
          "f1-score": 0.9986145207943414,
          "support": 20549.0
        },
        "1": {
          "precision": 0.999314196139904,
          "recall": 0.9951219512195122,
          "f1-score": 0.9972136676932102,
          "support": 10250.0
        },
        "accuracy": 0.9981492905613819,
        "macro avg": {
          "precision": 0.9984430343558883,
          "recall": 0.9973906510197517,
          "f1-score": 0.9979140942437759,
          "support": 30799.0
        },
        "weighted avg": {
          "precision": 0.998151723105082,
          "recall": 0.9981492905613819,
          "f1-score": 0.9981483126613957,
          "support": 30799.0
        }
      },
      "y_pred": "[0 1 0 ... 0 1 0]",
      "y_pred_proba": "[[9.99871245e-01 1.28755084e-04]\n [4.03471427e-04 9.99596529e-01]\n [9.99098810e-01 9.01190431e-04]\n ...\n [9.92948091e-01 7.05190945e-03]\n [3.62103568e-04 9.99637896e-01]\n [9.99595965e-01 4.04035279e-04]]",
      "auc_roc": 0.9999771397100803,
      "tpr": 0.9951219512195122,
      "fpr": 0.0003406491800087595,
      "g_mean": 0.9973880707842964
    },
    "test": {
      "f1": 0.9944527268051748,
      "f1_score": 0.9926098794243485,
      "precision": 0.9972645564673701,
      "recall": 0.9879984514130855,
      "accuracy": 0.9950649350649351,
      "classification_report": {
        "0": {
          "precision": 0.9939700447383778,
          "recall": 0.9986320109439124,
          "f1-score": 0.9962955741860011,
          "support": 5117.0
        },
        "1": {
          "precision": 0.9972645564673701,
          "recall": 0.9879984514130855,
          "f1-score": 0.9926098794243485,
          "support": 2583.0
        },
        "accuracy": 0.9950649350649351,
        "macro avg": {
          "precision": 0.9956173006028739,
          "recall": 0.993315231178499,
          "f1-score": 0.9944527268051748,
          "support": 7700.0
        },
        "weighted avg": {
          "precision": 0.9950752036729216,
          "recall": 0.9950649350649351,
          "f1-score": 0.9950591911250467,
          "support": 7700.0
        }
      },
      "y_pred": "[1 0 0 ... 1 0 0]",
      "y_pred_proba": "[[8.07467401e-04 9.99192533e-01]\n [9.98708706e-01 1.29129376e-03]\n [9.99421344e-01 5.78656337e-04]\n ...\n [1.87287938e-03 9.98127121e-01]\n [9.99570017e-01 4.29982726e-04]\n [9.95531349e-01 4.46865085e-03]]",
      "auc_roc": 0.9990635694625741,
      "tpr": 0.9879984514130855,
      "fpr": 0.0013679890560875513,
      "g_mean": 0.9933010018841826
    }
  },
  "model_info": {
    "best_params": {
      "learning_rate": 0.1,
      "max_depth": 3,
      "n_estimators": 200
    },
    "best_cv_score": 0.9885062427748341,
    "trained_model": "GradientBoostingClassifier(n_estimators=200, random_state=0)"
  },
  "paths": {
    "plots": {}
  },
  "additional_info": {}
}