{
  "experiment_info": {
    "type": "single_model_grid_search",
    "model_name": "GradientBoosting",
    "n_components": 100,
    "ratio": "x2",
    "version": 1,
    "suffix": "x2_v1_100_GradientBoosting",
    "timestamp": "2025-07-05T07:46:51.891369"
  },
  "pca_info": {
    "n_components": 100,
    "explained_variance_ratio": 0.5978343070278438
  },
  "metrics": {
    "train": {
      "f1": 0.9979140942437759,
      "f1_score": 0.9972136676932102,
      "precision": 0.999314196139904,
      "recall": 0.9951219512195122,
      "accuracy": 0.9981492905613819,
      "classification_report": {
        "0": {
          "precision": 0.9975718725718725,
          "recall": 0.9996593508199912,
          "f1-score": 0.9986145207943414,
          "support": 20549.0
        },
        "1": {
          "precision": 0.999314196139904,
          "recall": 0.9951219512195122,
          "f1-score": 0.9972136676932102,
          "support": 10250.0
        },
        "accuracy": 0.9981492905613819,
        "macro avg": {
          "precision": 0.9984430343558883,
          "recall": 0.9973906510197517,
          "f1-score": 0.9979140942437759,
          "support": 30799.0
        },
        "weighted avg": {
          "precision": 0.998151723105082,
          "recall": 0.9981492905613819,
          "f1-score": 0.9981483126613957,
          "support": 30799.0
        }
      },
      "y_pred": "[0 1 0 ... 0 1 0]",
      "y_pred_proba": "[[9.99865997e-01 1.34003303e-04]\n [7.69829642e-04 9.99230170e-01]\n [9.98966972e-01 1.03302847e-03]\n ...\n [9.94983397e-01 5.01660284e-03]\n [3.11890404e-04 9.99688110e-01]\n [9.99335251e-01 6.64748857e-04]]",
      "auc_roc": 0.9999869580028226,
      "tpr": 0.9951219512195122,
      "fpr": 0.0003406491800087595,
      "g_mean": 0.9973880707842964
    },
    "test": {
      "f1": 0.9938699919691967,
      "f1_score": 0.9918351477449455,
      "precision": 0.9960952752830925,
      "recall": 0.9876113046844754,
      "accuracy": 0.9945454545454545,
      "classification_report": {
        "0": {
          "precision": 0.9937731076084841,
          "recall": 0.998045729919875,
          "f1-score": 0.9959048361934477,
          "support": 5117.0
        },
        "1": {
          "precision": 0.9960952752830925,
          "recall": 0.9876113046844754,
          "f1-score": 0.9918351477449455,
          "support": 2583.0
        },
        "accuracy": 0.9945454545454545,
        "macro avg": {
          "precision": 0.9949341914457883,
          "recall": 0.9928285173021751,
          "f1-score": 0.9938699919691967,
          "support": 7700.0
        },
        "weighted avg": {
          "precision": 0.9945520893102391,
          "recall": 0.9945454545454545,
          "f1-score": 0.9945396407048138,
          "support": 7700.0
        }
      },
      "y_pred": "[1 0 0 ... 1 0 0]",
      "y_pred_proba": "[[6.21498796e-04 9.99378501e-01]\n [9.98635962e-01 1.36403796e-03]\n [9.99358160e-01 6.41840048e-04]\n ...\n [1.50578568e-03 9.98494214e-01]\n [9.98582461e-01 1.41753938e-03]\n [9.97190654e-01 2.80934625e-03]]",
      "auc_roc": 0.9990732538052091,
      "tpr": 0.9876113046844754,
      "fpr": 0.0019542700801250734,
      "g_mean": 0.992814809247393
    }
  },
  "model_info": {
    "best_params": {
      "learning_rate": 0.1,
      "max_depth": 3,
      "n_estimators": 200
    },
    "best_cv_score": 0.9878625219443167,
    "trained_model": "GradientBoostingClassifier(n_estimators=200, random_state=0)"
  },
  "paths": {
    "plots": {}
  },
  "additional_info": {}
}