{
  "experiment_info": {
    "type": "single_model_grid_search",
    "model_name": "AdaBoost",
    "n_components": 500,
    "ratio": "x2",
    "version": 1,
    "suffix": "x2_v1_500_AdaBoost",
    "timestamp": "2025-07-05T16:16:37.725827"
  },
  "pca_info": {
    "n_components": 500,
    "explained_variance_ratio": 0.9637731264587506
  },
  "metrics": {
    "train": {
      "f1": 1.0,
      "f1_score": 1.0,
      "precision": 1.0,
      "recall": 1.0,
      "accuracy": 1.0,
      "classification_report": {
        "0": {
          "precision": 1.0,
          "recall": 1.0,
          "f1-score": 1.0,
          "support": 20549.0
        },
        "1": {
          "precision": 1.0,
          "recall": 1.0,
          "f1-score": 1.0,
          "support": 10250.0
        },
        "accuracy": 1.0,
        "macro avg": {
          "precision": 1.0,
          "recall": 1.0,
          "f1-score": 1.0,
          "support": 30799.0
        },
        "weighted avg": {
          "precision": 1.0,
          "recall": 1.0,
          "f1-score": 1.0,
          "support": 30799.0
        }
      },
      "y_pred": "[0 1 0 ... 0 1 0]",
      "y_pred_proba": "[[0.68422476 0.31577524]\n [0.3363317  0.6636683 ]\n [0.67753173 0.32246827]\n ...\n [0.57258893 0.42741107]\n [0.28826824 0.71173176]\n [0.63510535 0.36489465]]",
      "auc_roc": 1.0,
      "tpr": 1.0,
      "fpr": 0.0,
      "g_mean": 1.0
    },
    "test": {
      "f1": 0.9951812282042315,
      "f1_score": 0.9935785172212492,
      "precision": 0.9988262910798122,
      "recall": 0.9883855981416957,
      "accuracy": 0.9957142857142857,
      "classification_report": {
        "0": {
          "precision": 0.9941679626749611,
          "recall": 0.9994137189759624,
          "f1-score": 0.9967839391872138,
          "support": 5117.0
        },
        "1": {
          "precision": 0.9988262910798122,
          "recall": 0.9883855981416957,
          "f1-score": 0.9935785172212492,
          "support": 2583.0
        },
        "accuracy": 0.9957142857142857,
        "macro avg": {
          "precision": 0.9964971268773867,
          "recall": 0.9938996585588291,
          "f1-score": 0.9951812282042315,
          "support": 7700.0
        },
        "weighted avg": {
          "precision": 0.9957306201125885,
          "recall": 0.9957142857142857,
          "f1-score": 0.9957086658186312,
          "support": 7700.0
        }
      },
      "y_pred": "[1 0 0 ... 1 0 0]",
      "y_pred_proba": "[[0.34651045 0.65348955]\n [0.66434292 0.33565708]\n [0.69017102 0.30982898]\n ...\n [0.39312004 0.60687996]\n [0.62936052 0.37063948]\n [0.62653081 0.37346919]]",
      "auc_roc": 0.9992085319663884,
      "tpr": 0.9883855981416957,
      "fpr": 0.000586281024037522,
      "g_mean": 0.9938843627007486
    }
  },
  "model_info": {
    "best_params": {
      "estimator__max_depth": 2,
      "learning_rate": 1.0,
      "n_estimators": 200
    },
    "best_cv_score": 0.9896508647317187,
    "trained_model": "AdaBoostClassifier(estimator=DecisionTreeClassifier(max_depth=2),\n                   n_estimators=200, random_state=0)"
  },
  "paths": {
    "plots": {}
  },
  "additional_info": {}
}