{
  "experiment_info": {
    "type": "single_model_grid_search",
    "model_name": "XGBoost",
    "n_components": 200,
    "ratio": "x2",
    "version": 1,
    "suffix": "x2_v1_200_XGBoost",
    "timestamp": "2025-07-05T14:54:06.220712"
  },
  "pca_info": {
    "n_components": 200,
    "explained_variance_ratio": 0.7484760763533455
  },
  "metrics": {
    "train": {
      "f1": 1.0,
      "f1_score": 1.0,
      "precision": 1.0,
      "recall": 1.0,
      "accuracy": 1.0,
      "classification_report": {
        "0": {
          "precision": 1.0,
          "recall": 1.0,
          "f1-score": 1.0,
          "support": 20549.0
        },
        "1": {
          "precision": 1.0,
          "recall": 1.0,
          "f1-score": 1.0,
          "support": 10250.0
        },
        "accuracy": 1.0,
        "macro avg": {
          "precision": 1.0,
          "recall": 1.0,
          "f1-score": 1.0,
          "support": 30799.0
        },
        "weighted avg": {
          "precision": 1.0,
          "recall": 1.0,
          "f1-score": 1.0,
          "support": 30799.0
        }
      },
      "y_pred": "[0 1 0 ... 0 1 0]",
      "y_pred_proba": "[[9.9999988e-01 1.1077441e-07]\n [1.9073486e-06 9.9999809e-01]\n [9.9998796e-01 1.2026564e-05]\n ...\n [9.9969274e-01 3.0727987e-04]\n [2.3841858e-07 9.9999976e-01]\n [9.9938649e-01 6.1351340e-04]]",
      "auc_roc": 1.0,
      "tpr": 1.0,
      "fpr": 0.0,
      "g_mean": 1.0
    },
    "test": {
      "f1": 0.9948931436255888,
      "f1_score": 0.9931999222848261,
      "precision": 0.9968798751950078,
      "recall": 0.9895470383275261,
      "accuracy": 0.9954545454545455,
      "classification_report": {
        "0": {
          "precision": 0.9947429906542056,
          "recall": 0.9984365839359,
          "f1-score": 0.9965863649663513,
          "support": 5117.0
        },
        "1": {
          "precision": 0.9968798751950078,
          "recall": 0.9895470383275261,
          "f1-score": 0.9931999222848261,
          "support": 2583.0
        },
        "accuracy": 0.9954545454545455,
        "macro avg": {
          "precision": 0.9958114329246066,
          "recall": 0.993991811131713,
          "f1-score": 0.9948931436255888,
          "support": 7700.0
        },
        "weighted avg": {
          "precision": 0.9954598182865292,
          "recall": 0.9954545454545455,
          "f1-score": 0.9954503673759125,
          "support": 7700.0
        }
      },
      "y_pred": "[1 0 0 ... 1 0 0]",
      "y_pred_proba": "[[1.0848045e-05 9.9998915e-01]\n [9.9999940e-01 6.1820509e-07]\n [9.9999523e-01 4.7613598e-06]\n ...\n [3.7193298e-05 9.9996281e-01]\n [9.9998552e-01 1.4504294e-05]\n [9.9995369e-01 4.6331425e-05]]",
      "auc_roc": 0.9994521537107942,
      "tpr": 0.9895470383275261,
      "fpr": 0.0015634160641000586,
      "g_mean": 0.9939818733717543
    }
  },
  "model_info": {
    "best_params": {
      "learning_rate": 0.2,
      "max_depth": 3,
      "n_estimators": 300
    },
    "best_cv_score": 0.9919969880699501,
    "trained_model": "XGBClassifier(base_score=None, booster=None, callbacks=None,\n              colsample_bylevel=None, colsample_bynode=None,\n              colsample_bytree=None, device=None, early_stopping_rounds=None,\n              enable_categorical=False, eval_metric='logloss',\n              feature_types=None, feature_weights=None, gamma=None,\n              grow_policy=None, importance_type=None,\n              interaction_constraints=None, learning_rate=0.2, max_bin=None,\n              max_cat_threshold=None, max_cat_to_onehot=None,\n              max_delta_step=None, max_depth=3, max_leaves=None,\n              min_child_weight=None, missing=nan, monotone_constraints=None,\n              multi_strategy=None, n_estimators=300, n_jobs=-1,\n              num_parallel_tree=None, ...)"
  },
  "paths": {
    "plots": {}
  },
  "additional_info": {}
}