{
  "experiment_info": {
    "type": "single_model_grid_search",
    "model_name": "RandomForest",
    "n_components": 20,
    "ratio": "x2",
    "version": 1,
    "suffix": "x2_v1_20_RandomForest",
    "timestamp": "2025-07-05T06:15:26.699891"
  },
  "pca_info": {
    "n_components": 20,
    "explained_variance_ratio": 0.3343219629952956
  },
  "metrics": {
    "train": {
      "f1": 1.0,
      "f1_score": 1.0,
      "precision": 1.0,
      "recall": 1.0,
      "accuracy": 1.0,
      "classification_report": {
        "0": {
          "precision": 1.0,
          "recall": 1.0,
          "f1-score": 1.0,
          "support": 20549.0
        },
        "1": {
          "precision": 1.0,
          "recall": 1.0,
          "f1-score": 1.0,
          "support": 10250.0
        },
        "accuracy": 1.0,
        "macro avg": {
          "precision": 1.0,
          "recall": 1.0,
          "f1-score": 1.0,
          "support": 30799.0
        },
        "weighted avg": {
          "precision": 1.0,
          "recall": 1.0,
          "f1-score": 1.0,
          "support": 30799.0
        }
      },
      "y_pred": "[0 1 0 ... 0 1 0]",
      "y_pred_proba": "[[1.    0.   ]\n [0.    1.   ]\n [1.    0.   ]\n ...\n [1.    0.   ]\n [0.    1.   ]\n [0.995 0.005]]",
      "auc_roc": 1.0,
      "tpr": 1.0,
      "fpr": 0.0,
      "g_mean": 1.0
    },
    "test": {
      "f1": 0.992685280885214,
      "f1_score": 0.990234375,
      "precision": 0.9992116673236106,
      "recall": 0.9814169570267132,
      "accuracy": 0.9935064935064936,
      "classification_report": {
        "0": {
          "precision": 0.9907030796048809,
          "recall": 0.999609145983975,
          "f1-score": 0.995136186770428,
          "support": 5117.0
        },
        "1": {
          "precision": 0.9992116673236106,
          "recall": 0.9814169570267132,
          "f1-score": 0.990234375,
          "support": 2583.0
        },
        "accuracy": 0.9935064935064936,
        "macro avg": {
          "precision": 0.9949573734642457,
          "recall": 0.9905130515053441,
          "f1-score": 0.992685280885214,
          "support": 7700.0
        },
        "weighted avg": {
          "precision": 0.9935573240305274,
          "recall": 0.9935064935064936,
          "f1-score": 0.9934918517310753,
          "support": 7700.0
        }
      },
      "y_pred": "[1 0 0 ... 1 0 0]",
      "y_pred_proba": "[[0.135 0.865]\n [1.    0.   ]\n [0.99  0.01 ]\n ...\n [0.005 0.995]\n [1.    0.   ]\n [0.98  0.02 ]]",
      "auc_roc": 0.9984397994402905,
      "tpr": 0.9814169570267132,
      "fpr": 0.00039085401602501464,
      "g_mean": 0.990471284928374
    }
  },
  "model_info": {
    "best_params": {
      "max_depth": null,
      "min_samples_split": 2,
      "n_estimators": 200
    },
    "best_cv_score": 0.9858274752200529,
    "trained_model": "RandomForestClassifier(n_estimators=200, n_jobs=-1, random_state=0)"
  },
  "paths": {
    "plots": {}
  },
  "additional_info": {}
}