{
  "experiment_info": {
    "type": "single_model_grid_search",
    "model_name": "GaussianNB",
    "n_components": 200,
    "ratio": "x2",
    "version": 1,
    "suffix": "x2_v1_200_GaussianNB",
    "timestamp": "2025-07-05T15:06:31.976747"
  },
  "pca_info": {
    "n_components": 200,
    "explained_variance_ratio": 0.7484760763533455
  },
  "metrics": {
    "train": {
      "f1": 0.9731974259066765,
      "f1_score": 0.9638458086071909,
      "precision": 0.9858206671427114,
      "recall": 0.9428292682926829,
      "accuracy": 0.976460274684243,
      "classification_report": {
        "0": {
          "precision": 0.9720899218898837,
          "recall": 0.9932356805683975,
          "f1-score": 0.982549043206162,
          "support": 20549.0
        },
        "1": {
          "precision": 0.9858206671427114,
          "recall": 0.9428292682926829,
          "f1-score": 0.9638458086071909,
          "support": 10250.0
        },
        "accuracy": 0.976460274684243,
        "macro avg": {
          "precision": 0.9789552945162976,
          "recall": 0.9680324744305402,
          "f1-score": 0.9731974259066765,
          "support": 30799.0
        },
        "weighted avg": {
          "precision": 0.9766595552819253,
          "recall": 0.976460274684243,
          "f1-score": 0.9763245503771917,
          "support": 30799.0
        }
      },
      "y_pred": "[0 1 0 ... 0 1 0]",
      "y_pred_proba": "[[1.00000000e+00 5.85245821e-22]\n [5.68951301e-05 9.99943105e-01]\n [9.99921150e-01 7.88504568e-05]\n ...\n [7.82727196e-01 2.17272804e-01]\n [2.09610743e-10 1.00000000e+00]\n [1.00000000e+00 9.58958307e-29]]",
      "auc_roc": 0.9956913742167739,
      "tpr": 0.9428292682926829,
      "fpr": 0.006764319431602511,
      "g_mean": 0.9677043298200577
    },
    "test": {
      "f1": 0.9767518101522931,
      "f1_score": 0.9687870406953774,
      "precision": 0.9891085114965712,
      "recall": 0.9492837785520712,
      "accuracy": 0.9794805194805195,
      "classification_report": {
        "0": {
          "precision": 0.974909021260295,
          "recall": 0.9947234707836623,
          "f1-score": 0.9847165796092088,
          "support": 5117.0
        },
        "1": {
          "precision": 0.9891085114965712,
          "recall": 0.9492837785520712,
          "f1-score": 0.9687870406953774,
          "support": 2583.0
        },
        "accuracy": 0.9794805194805195,
        "macro avg": {
          "precision": 0.9820087663784332,
          "recall": 0.9720036246678667,
          "f1-score": 0.9767518101522931,
          "support": 7700.0
        },
        "weighted avg": {
          "precision": 0.9796723048031912,
          "recall": 0.9794805194805195,
          "f1-score": 0.979372943373569,
          "support": 7700.0
        }
      },
      "y_pred": "[1 0 0 ... 1 0 0]",
      "y_pred_proba": "[[2.09612707e-07 9.99999790e-01]\n [1.00000000e+00 1.03781819e-21]\n [1.00000000e+00 6.74178329e-28]\n ...\n [6.38531356e-06 9.99993615e-01]\n [1.00000000e+00 8.12951607e-15]\n [9.99999946e-01 5.42421566e-08]]",
      "auc_roc": 0.996796903673551,
      "tpr": 0.9492837785520712,
      "fpr": 0.005276529216337698,
      "g_mean": 0.9717380588203519
    }
  },
  "model_info": {
    "best_params": {},
    "best_cv_score": 0.963376135741511,
    "trained_model": "GaussianNB()"
  },
  "paths": {
    "plots": {}
  },
  "additional_info": {}
}