{
  "experiment_info": {
    "type": "single_model_grid_search",
    "model_name": "GaussianNB",
    "n_components": 50,
    "ratio": "x2",
    "version": 1,
    "suffix": "x2_v1_50_GaussianNB",
    "timestamp": "2025-07-05T11:14:21.071551"
  },
  "pca_info": {
    "n_components": 50,
    "explained_variance_ratio": 0.4669635184410192
  },
  "metrics": {
    "train": {
      "f1": 0.9811326171771944,
      "f1_score": 0.9745331069609507,
      "precision": 0.9981587561374795,
      "recall": 0.952,
      "accuracy": 0.9834410208123641,
      "classification_report": {
        "0": {
          "precision": 0.9765970603624602,
          "recall": 0.9991240449656917,
          "f1-score": 0.9877321273934379,
          "support": 20549.0
        },
        "1": {
          "precision": 0.9981587561374795,
          "recall": 0.952,
          "f1-score": 0.9745331069609507,
          "support": 10250.0
        },
        "accuracy": 0.9834410208123641,
        "macro avg": {
          "precision": 0.9873779082499698,
          "recall": 0.9755620224828458,
          "f1-score": 0.9811326171771944,
          "support": 30799.0
        },
        "weighted avg": {
          "precision": 0.9837728576836053,
          "recall": 0.9834410208123641,
          "f1-score": 0.9833394536237378,
          "support": 30799.0
        }
      },
      "y_pred": "[0 1 0 ... 0 1 0]",
      "y_pred_proba": "[[1.00000000e+00 5.83849374e-11]\n [5.70049810e-05 9.99942995e-01]\n [9.99997833e-01 2.16668627e-06]\n ...\n [9.99999985e-01 1.46371880e-08]\n [1.83795728e-05 9.99981620e-01]\n [1.00000000e+00 4.70950601e-19]]",
      "auc_roc": 0.9978556573282896,
      "tpr": 0.952,
      "fpr": 0.0008759550343082389,
      "g_mean": 0.975277442991141
    },
    "test": {
      "f1": 0.9835136168272445,
      "f1_score": 0.977856860419138,
      "precision": 0.9991919191919192,
      "recall": 0.9574138598528843,
      "accuracy": 0.9854545454545455,
      "classification_report": {
        "0": {
          "precision": 0.9789473684210527,
          "recall": 0.999609145983975,
          "f1-score": 0.989170373235351,
          "support": 5117.0
        },
        "1": {
          "precision": 0.9991919191919192,
          "recall": 0.9574138598528843,
          "f1-score": 0.977856860419138,
          "support": 2583.0
        },
        "accuracy": 0.9854545454545455,
        "macro avg": {
          "precision": 0.9890696438064859,
          "recall": 0.9785115029184297,
          "f1-score": 0.9835136168272445,
          "support": 7700.0
        },
        "weighted avg": {
          "precision": 0.9857384949978252,
          "recall": 0.9854545454545455,
          "f1-score": 0.9853752039360941,
          "support": 7700.0
        }
      },
      "y_pred": "[1 0 0 ... 1 0 0]",
      "y_pred_proba": "[[1.39594390e-04 9.99860406e-01]\n [1.00000000e+00 1.04015773e-21]\n [1.00000000e+00 2.93054182e-11]\n ...\n [2.06878787e-02 9.79312121e-01]\n [1.00000000e+00 1.83451252e-11]\n [1.00000000e+00 9.36221283e-12]]",
      "auc_roc": 0.9982400977029118,
      "tpr": 0.9574138598528843,
      "fpr": 0.00039085401602501464,
      "g_mean": 0.9782840338065233
    }
  },
  "model_info": {
    "best_params": {},
    "best_cv_score": 0.9747798610544807,
    "trained_model": "GaussianNB()"
  },
  "paths": {
    "plots": {}
  },
  "additional_info": {}
}