{
  "experiment_info": {
    "type": "single_model_grid_search",
    "model_name": "GaussianNB",
    "n_components": 100,
    "ratio": "x2",
    "version": 1,
    "suffix": "x2_v1_100_GaussianNB",
    "timestamp": "2025-07-05T12:56:58.045957"
  },
  "pca_info": {
    "n_components": 100,
    "explained_variance_ratio": 0.5976110665562044
  },
  "metrics": {
    "train": {
      "f1": 0.978167497474727,
      "f1_score": 0.9704776702922159,
      "precision": 0.9979383568704258,
      "recall": 0.9444878048780487,
      "accuracy": 0.9808760024676126,
      "classification_report": {
        "0": {
          "precision": 0.9730306190160205,
          "recall": 0.9990267166285464,
          "f1-score": 0.9858573246572382,
          "support": 20549.0
        },
        "1": {
          "precision": 0.9979383568704258,
          "recall": 0.9444878048780487,
          "f1-score": 0.9704776702922159,
          "support": 10250.0
        },
        "accuracy": 0.9808760024676126,
        "macro avg": {
          "precision": 0.9854844879432232,
          "recall": 0.9717572607532976,
          "f1-score": 0.978167497474727,
          "support": 30799.0
        },
        "weighted avg": {
          "precision": 0.9813199892230939,
          "recall": 0.9808760024676126,
          "f1-score": 0.9807389293443552,
          "support": 30799.0
        }
      },
      "y_pred": "[0 1 0 ... 0 1 0]",
      "y_pred_proba": "[[1.00000000e+00 1.69905741e-13]\n [9.70492088e-04 9.99029508e-01]\n [9.99992885e-01 7.11537756e-06]\n ...\n [9.99986480e-01 1.35200719e-05]\n [5.76453079e-07 9.99999424e-01]\n [1.00000000e+00 2.00186453e-21]]",
      "auc_roc": 0.997594238162441,
      "tpr": 0.9444878048780487,
      "fpr": 0.0009732833714535987,
      "g_mean": 0.9713745676118045
    },
    "test": {
      "f1": 0.9817213006041237,
      "f1_score": 0.9754163362410785,
      "precision": 0.9995936611133686,
      "recall": 0.9523809523809523,
      "accuracy": 0.9838961038961039,
      "classification_report": {
        "0": {
          "precision": 0.9765222370681428,
          "recall": 0.9998045729919874,
          "f1-score": 0.9880262649671688,
          "support": 5117.0
        },
        "1": {
          "precision": 0.9995936611133686,
          "recall": 0.9523809523809523,
          "f1-score": 0.9754163362410785,
          "support": 2583.0
        },
        "accuracy": 0.9838961038961039,
        "macro avg": {
          "precision": 0.9880579490907557,
          "recall": 0.9760927626864699,
          "f1-score": 0.9817213006041237,
          "support": 7700.0
        },
        "weighted avg": {
          "precision": 0.9842616511342231,
          "recall": 0.9838961038961039,
          "f1-score": 0.9837962070581439,
          "support": 7700.0
        }
      },
      "y_pred": "[1 0 0 ... 1 0 0]",
      "y_pred_proba": "[[2.87203271e-06 9.99997128e-01]\n [1.00000000e+00 1.08297497e-22]\n [1.00000000e+00 2.33206532e-20]\n ...\n [2.03400143e-04 9.99796600e-01]\n [1.00000000e+00 4.20927882e-13]\n [1.00000000e+00 2.21504321e-10]]",
      "auc_roc": 0.9980124399920679,
      "tpr": 0.9523809523809523,
      "fpr": 0.00019542700801250732,
      "g_mean": 0.9758047096734779
    }
  },
  "model_info": {
    "best_params": {},
    "best_cv_score": 0.9700875815805867,
    "trained_model": "GaussianNB()"
  },
  "paths": {
    "plots": {}
  },
  "additional_info": {}
}