{
  "experiment_info": {
    "type": "single_model_grid_search",
    "model_name": "GaussianNB",
    "n_components": 20,
    "ratio": "x2",
    "version": 1,
    "suffix": "x2_v1_20_GaussianNB",
    "timestamp": "2025-07-05T10:36:40.531873"
  },
  "pca_info": {
    "n_components": 20,
    "explained_variance_ratio": 0.33436801796327453
  },
  "metrics": {
    "train": {
      "f1": 0.9834969116210461,
      "f1_score": 0.9777667246953494,
      "precision": 0.9973617453069508,
      "recall": 0.9589268292682926,
      "accuracy": 0.9854865417708367,
      "classification_report": {
        "0": {
          "precision": 0.9798987776928954,
          "recall": 0.9987347316171103,
          "f1-score": 0.9892270985467428,
          "support": 20549.0
        },
        "1": {
          "precision": 0.9973617453069508,
          "recall": 0.9589268292682926,
          "f1-score": 0.9777667246953494,
          "support": 10250.0
        },
        "accuracy": 0.9854865417708367,
        "macro avg": {
          "precision": 0.9886302614999231,
          "recall": 0.9788307804427014,
          "f1-score": 0.9834969116210461,
          "support": 30799.0
        },
        "weighted avg": {
          "precision": 0.985710505932256,
          "recall": 0.9854865417708367,
          "f1-score": 0.9854130515979204,
          "support": 30799.0
        }
      },
      "y_pred": "[0 1 0 ... 0 1 0]",
      "y_pred_proba": "[[9.99999998e-01 2.40170742e-09]\n [4.94461647e-04 9.99505538e-01]\n [9.99997914e-01 2.08615748e-06]\n ...\n [1.00000000e+00 4.10900259e-10]\n [5.70585756e-04 9.99429414e-01]\n [1.00000000e+00 1.91091235e-16]]",
      "auc_roc": 0.9982217495599454,
      "tpr": 0.9589268292682926,
      "fpr": 0.0012652683828896782,
      "g_mean": 0.9786283919188707
    },
    "test": {
      "f1": 0.9857460131919513,
      "f1_score": 0.9808866995073892,
      "precision": 0.9987961476725522,
      "recall": 0.9636082075106466,
      "accuracy": 0.9874025974025974,
      "classification_report": {
        "0": {
          "precision": 0.9819508448540707,
          "recall": 0.9994137189759624,
          "f1-score": 0.9906053268765134,
          "support": 5117.0
        },
        "1": {
          "precision": 0.9987961476725522,
          "recall": 0.9636082075106466,
          "f1-score": 0.9808866995073892,
          "support": 2583.0
        },
        "accuracy": 0.9874025974025974,
        "macro avg": {
          "precision": 0.9903734962633115,
          "recall": 0.9815109632433046,
          "f1-score": 0.9857460131919513,
          "support": 7700.0
        },
        "weighted avg": {
          "precision": 0.9876016782540885,
          "recall": 0.9874025974025974,
          "f1-score": 0.9873451691499616,
          "support": 7700.0
        }
      },
      "y_pred": "[1 0 0 ... 1 0 0]",
      "y_pred_proba": "[[1.17142908e-02 9.88285709e-01]\n [1.00000000e+00 2.24950147e-22]\n [9.99999984e-01 1.57063126e-08]\n ...\n [5.45895193e-02 9.45410481e-01]\n [1.00000000e+00 1.18396000e-11]\n [9.99999987e-01 1.29024270e-08]]",
      "auc_roc": 0.9982967662391106,
      "tpr": 0.9636082075106466,
      "fpr": 0.000586281024037522,
      "g_mean": 0.9813476765672685
    }
  },
  "model_info": {
    "best_params": {},
    "best_cv_score": 0.9773804084246921,
    "trained_model": "GaussianNB()"
  },
  "paths": {
    "plots": {}
  },
  "additional_info": {}
}