{
  "experiment_info": {
    "type": "single_model_grid_search",
    "model_name": "GaussianNB",
    "n_components": 500,
    "ratio": "x2",
    "version": 1,
    "suffix": "x2_v1_500_GaussianNB",
    "timestamp": "2025-07-06T01:47:11.728898"
  },
  "pca_info": {
    "n_components": 500,
    "explained_variance_ratio": 0.9637796696251356
  },
  "metrics": {
    "train": {
      "f1": 0.9596511757182273,
      "f1_score": 0.9458351849108774,
      "precision": 0.9575127461761471,
      "recall": 0.934439024390244,
      "accuracy": 0.9643819604532615,
      "classification_report": {
        "0": {
          "precision": 0.9676860934795153,
          "recall": 0.979317728356611,
          "f1-score": 0.9734671665255774,
          "support": 20549.0
        },
        "1": {
          "precision": 0.9575127461761471,
          "recall": 0.934439024390244,
          "f1-score": 0.9458351849108774,
          "support": 10250.0
        },
        "accuracy": 0.9643819604532615,
        "macro avg": {
          "precision": 0.9625994198278311,
          "recall": 0.9568783763734274,
          "f1-score": 0.9596511757182273,
          "support": 30799.0
        },
        "weighted avg": {
          "precision": 0.9643003728437959,
          "recall": 0.9643819604532615,
          "f1-score": 0.9642711597867003,
          "support": 30799.0
        }
      },
      "y_pred": "[0 1 0 ... 1 1 0]",
      "y_pred_proba": "[[1.00000000e+00 1.18271969e-19]\n [6.72684238e-04 9.99327316e-01]\n [8.59381146e-01 1.40618854e-01]\n ...\n [1.63870343e-02 9.83612966e-01]\n [1.07595646e-14 1.00000000e+00]\n [1.00000000e+00 6.19353869e-27]]",
      "auc_roc": 0.9904919472670323,
      "tpr": 0.934439024390244,
      "fpr": 0.020682271643388973,
      "g_mean": 0.9566152322922845
    },
    "test": {
      "f1": 0.960136990292143,
      "f1_score": 0.9464955577492596,
      "precision": 0.9657534246575342,
      "recall": 0.9279907084785134,
      "accuracy": 0.9648051948051948,
      "classification_report": {
        "0": {
          "precision": 0.9643541586814871,
          "recall": 0.9833887043189369,
          "f1-score": 0.9737784228350266,
          "support": 5117.0
        },
        "1": {
          "precision": 0.9657534246575342,
          "recall": 0.9279907084785134,
          "f1-score": 0.9464955577492596,
          "support": 2583.0
        },
        "accuracy": 0.9648051948051948,
        "macro avg": {
          "precision": 0.9650537916695107,
          "recall": 0.9556897063987251,
          "f1-score": 0.960136990292143,
          "support": 7700.0
        },
        "weighted avg": {
          "precision": 0.964823548813452,
          "recall": 0.9648051948051948,
          "f1-score": 0.9646262617289829,
          "support": 7700.0
        }
      },
      "y_pred": "[1 0 0 ... 1 0 0]",
      "y_pred_proba": "[[2.55684759e-07 9.99999744e-01]\n [1.00000000e+00 4.00817257e-12]\n [1.00000000e+00 5.60174327e-46]\n ...\n [1.10272927e-11 1.00000000e+00]\n [1.00000000e+00 9.01657740e-21]\n [9.99999026e-01 9.73619344e-07]]",
      "auc_roc": 0.9919097152947017,
      "tpr": 0.9279907084785134,
      "fpr": 0.016611295681063124,
      "g_mean": 0.9552882185135005
    }
  },
  "model_info": {
    "best_params": {},
    "best_cv_score": 0.9465275154053359,
    "trained_model": "GaussianNB()"
  },
  "paths": {
    "plots": {}
  },
  "additional_info": {}
}