{
  "experiment_info": {
    "type": "single_model_grid_search",
    "model_name": "KNeighbors",
    "n_components": 50,
    "ratio": "x2",
    "version": 1,
    "suffix": "x2_v1_50_KNeighbors",
    "timestamp": "2025-07-04T10:52:25.560990"
  },
  "pca_info": {
    "n_components": 50,
    "explained_variance_ratio": 0.47412731287186966
  },
  "metrics": {
    "train": {
      "f1": 0.981899680352081,
      "f1_score": 0.9760879961740794,
      "precision": 0.9573170731707317,
      "recall": 0.995609756097561,
      "accuracy": 0.9837657066787883,
      "classification_report": {
        "0": {
          "precision": 0.997765529569492,
          "recall": 0.9778578032994306,
          "f1-score": 0.9877113645300826,
          "support": 20549.0
        },
        "1": {
          "precision": 0.9573170731707317,
          "recall": 0.995609756097561,
          "f1-score": 0.9760879961740794,
          "support": 10250.0
        },
        "accuracy": 0.9837657066787883,
        "macro avg": {
          "precision": 0.9775413013701119,
          "recall": 0.9867337796984958,
          "f1-score": 0.981899680352081,
          "support": 30799.0
        },
        "weighted avg": {
          "precision": 0.9843041614053538,
          "recall": 0.9837657066787883,
          "f1-score": 0.9838430725190097,
          "support": 30799.0
        }
      },
      "y_pred": "[0 1 0 ... 0 1 0]",
      "y_pred_proba": "[[1. 0.]\n [0. 1.]\n [1. 0.]\n ...\n [1. 0.]\n [0. 1.]\n [1. 0.]]",
      "auc_roc": 0.9995543905168964,
      "tpr": 0.995609756097561,
      "fpr": 0.02214219670056937,
      "g_mean": 0.9866938578105383
    },
    "test": {
      "f1": 0.9706498084074902,
      "f1_score": 0.9617037175415655,
      "precision": 0.9292418772563177,
      "recall": 0.9965156794425087,
      "accuracy": 0.9733766233766233,
      "classification_report": {
        "0": {
          "precision": 0.9981744421906694,
          "recall": 0.9616963064295485,
          "f1-score": 0.979595899273415,
          "support": 5117.0
        },
        "1": {
          "precision": 0.9292418772563177,
          "recall": 0.9965156794425087,
          "f1-score": 0.9617037175415655,
          "support": 2583.0
        },
        "accuracy": 0.9733766233766233,
        "macro avg": {
          "precision": 0.9637081597234936,
          "recall": 0.9791059929360286,
          "f1-score": 0.9706498084074902,
          "support": 7700.0
        },
        "weighted avg": {
          "precision": 0.9750506999536005,
          "recall": 0.9733766233766233,
          "f1-score": 0.9735938855833672,
          "support": 7700.0
        }
      },
      "y_pred": "[1 0 0 ... 1 0 0]",
      "y_pred_proba": "[[0.  1. ]\n [1.  0. ]\n [0.9 0.1]\n ...\n [0.  1. ]\n [1.  0. ]\n [1.  0. ]]",
      "auc_roc": 0.998469155103902,
      "tpr": 0.9965156794425087,
      "fpr": 0.038303693570451436,
      "g_mean": 0.9789511980783274
    }
  },
  "model_info": {
    "best_params": {
      "weights": "uniform",
      "n_neighbors": 10
    },
    "best_cv_score": 0.9633974991778581,
    "trained_model": "KNeighborsClassifier(metric='euclidean', n_neighbors=10)"
  },
  "paths": {
    "plots": {}
  },
  "additional_info": {}
}