{
  "experiment_info": {
    "type": "single_model_grid_search",
    "model_name": "DecisionTree",
    "n_components": 200,
    "ratio": "x2",
    "version": 1,
    "suffix": "x2_v1_200_DecisionTree",
    "timestamp": "2025-07-04T13:40:30.254293"
  },
  "pca_info": {
    "n_components": 200,
    "explained_variance_ratio": 0.7710376117344098
  },
  "metrics": {
    "train": {
      "f1": 0.9937698180004322,
      "f1_score": 0.9916658495930973,
      "precision": 0.9966495861253449,
      "recall": 0.9867317073170732,
      "accuracy": 0.994480340270788,
      "classification_report": {
        "0": {
          "precision": 0.9934143625006053,
          "recall": 0.9983454182685289,
          "f1-score": 0.995873786407767,
          "support": 20549.0
        },
        "1": {
          "precision": 0.9966495861253449,
          "recall": 0.9867317073170732,
          "f1-score": 0.9916658495930973,
          "support": 10250.0
        },
        "accuracy": 0.994480340270788,
        "macro avg": {
          "precision": 0.9950319743129752,
          "recall": 0.992538562792801,
          "f1-score": 0.9937698180004322,
          "support": 30799.0
        },
        "weighted avg": {
          "precision": 0.994491054670922,
          "recall": 0.994480340270788,
          "f1-score": 0.9944733723569744,
          "support": 30799.0
        }
      },
      "y_pred": "[0 1 0 ... 0 1 0]",
      "y_pred_proba": "[[9.96452611e-01 3.54738949e-03]\n [1.35241745e-03 9.98647583e-01]\n [9.99325918e-01 6.74081564e-04]\n ...\n [9.86376022e-01 1.36239782e-02]\n [1.35241745e-03 9.98647583e-01]\n [9.96452611e-01 3.54738949e-03]]",
      "auc_roc": 0.9967951843837868,
      "tpr": 0.9867317073170732,
      "fpr": 0.0016545817314711179,
      "g_mean": 0.9925215761182641
    },
    "test": {
      "f1": 0.9886156993713652,
      "f1_score": 0.9848367029548989,
      "precision": 0.9890667707926591,
      "recall": 0.9806426635694928,
      "accuracy": 0.9898701298701299,
      "classification_report": {
        "0": {
          "precision": 0.9902704806382565,
          "recall": 0.9945280437756497,
          "f1-score": 0.9923946957878315,
          "support": 5117.0
        },
        "1": {
          "precision": 0.9890667707926591,
          "recall": 0.9806426635694928,
          "f1-score": 0.9848367029548989,
          "support": 2583.0
        },
        "accuracy": 0.9898701298701299,
        "macro avg": {
          "precision": 0.9896686257154579,
          "recall": 0.9875853536725713,
          "f1-score": 0.9886156993713652,
          "support": 7700.0
        },
        "weighted avg": {
          "precision": 0.9898666906991423,
          "recall": 0.9898701298701299,
          "f1-score": 0.9898593327375113,
          "support": 7700.0
        }
      },
      "y_pred": "[1 0 0 ... 1 0 0]",
      "y_pred_proba": "[[0.00135242 0.99864758]\n [0.99645261 0.00354739]\n [0.99645261 0.00354739]\n ...\n [0.         1.        ]\n [0.99645261 0.00354739]\n [0.99645261 0.00354739]]",
      "auc_roc": 0.9891246345390112,
      "tpr": 0.9806426635694928,
      "fpr": 0.005471956224350205,
      "g_mean": 0.9875609499381344
    }
  },
  "model_info": {
    "best_params": {
      "min_samples_split": 10,
      "max_depth": 10
    },
    "best_cv_score": 0.9785876364137854,
    "trained_model": "DecisionTreeClassifier(max_depth=10, min_samples_split=10, random_state=0)"
  },
  "paths": {
    "plots": {}
  },
  "additional_info": {}
}