{
  "experiment_info": {
    "type": "single_model_grid_search",
    "model_name": "DecisionTree",
    "n_components": 100,
    "ratio": "x2",
    "version": 1,
    "suffix": "x2_v1_100_DecisionTree",
    "timestamp": "2025-07-04T11:44:37.910076"
  },
  "pca_info": {
    "n_components": 100,
    "explained_variance_ratio": 0.6139422640617337
  },
  "metrics": {
    "train": {
      "f1": 0.9947597065705437,
      "f1_score": 0.9929905396794275,
      "precision": 0.9978327258398187,
      "recall": 0.9881951219512195,
      "accuracy": 0.9953569921101334,
      "classification_report": {
        "0": {
          "precision": 0.9941398682681132,
          "recall": 0.998929388291401,
          "f1-score": 0.9965288734616599,
          "support": 20549.0
        },
        "1": {
          "precision": 0.9978327258398187,
          "recall": 0.9881951219512195,
          "f1-score": 0.9929905396794275,
          "support": 10250.0
        },
        "accuracy": 0.9953569921101334,
        "macro avg": {
          "precision": 0.9959862970539659,
          "recall": 0.9935622551213102,
          "f1-score": 0.9947597065705437,
          "support": 30799.0
        },
        "weighted avg": {
          "precision": 0.99536886239487,
          "recall": 0.9953569921101334,
          "f1-score": 0.995351305317633,
          "support": 30799.0
        }
      },
      "y_pred": "[0 1 0 ... 0 1 0]",
      "y_pred_proba": "[[9.96712028e-01 3.28797150e-03]\n [1.35256988e-03 9.98647430e-01]\n [9.99323181e-01 6.76818951e-04]\n ...\n [9.86376022e-01 1.36239782e-02]\n [1.35256988e-03 9.98647430e-01]\n [9.96712028e-01 3.28797150e-03]]",
      "auc_roc": 0.9970707541403118,
      "tpr": 0.9881951219512195,
      "fpr": 0.0010706117085989585,
      "g_mean": 0.9935477586323055
    },
    "test": {
      "f1": 0.9884775515598313,
      "f1_score": 0.9846631721995729,
      "precision": 0.9875389408099688,
      "recall": 0.9818041037553232,
      "accuracy": 0.9897402597402597,
      "classification_report": {
        "0": {
          "precision": 0.9908417770849571,
          "recall": 0.9937463357435997,
          "f1-score": 0.9922919309200897,
          "support": 5117.0
        },
        "1": {
          "precision": 0.9875389408099688,
          "recall": 0.9818041037553232,
          "f1-score": 0.9846631721995729,
          "support": 2583.0
        },
        "accuracy": 0.9897402597402597,
        "macro avg": {
          "precision": 0.989190358947463,
          "recall": 0.9877752197494615,
          "f1-score": 0.9884775515598313,
          "support": 7700.0
        },
        "weighted avg": {
          "precision": 0.9897338256436202,
          "recall": 0.9897402597402597,
          "f1-score": 0.9897328291311164,
          "support": 7700.0
        }
      },
      "y_pred": "[1 0 0 ... 1 0 0]",
      "y_pred_proba": "[[0.00135257 0.99864743]\n [0.99671203 0.00328797]\n [0.99671203 0.00328797]\n ...\n [0.         1.        ]\n [0.99671203 0.00328797]\n [0.99671203 0.00328797]]",
      "auc_roc": 0.9869398317088227,
      "tpr": 0.9818041037553232,
      "fpr": 0.006253664256400234,
      "g_mean": 0.9877571718417849
    }
  },
  "model_info": {
    "best_params": {
      "min_samples_split": 2,
      "max_depth": 10
    },
    "best_cv_score": 0.9794739392705317,
    "trained_model": "DecisionTreeClassifier(max_depth=10, random_state=0)"
  },
  "paths": {
    "plots": {}
  },
  "additional_info": {}
}