{
  "experiment_info": {
    "type": "single_model_grid_search",
    "model_name": "DecisionTree",
    "n_components": 20,
    "ratio": "x2",
    "version": 1,
    "suffix": "x2_v1_20_DecisionTree",
    "timestamp": "2025-07-04T10:12:16.788722"
  },
  "pca_info": {
    "n_components": 20,
    "explained_variance_ratio": 0.32941789810531014
  },
  "metrics": {
    "train": {
      "f1": 0.9934750170878122,
      "f1_score": 0.991269374141652,
      "precision": 0.9967449201025843,
      "recall": 0.9858536585365854,
      "accuracy": 0.9942205915776486,
      "classification_report": {
        "0": {
          "precision": 0.9929819466627946,
          "recall": 0.9983940824371016,
          "f1-score": 0.9956806600339724,
          "support": 20549.0
        },
        "1": {
          "precision": 0.9967449201025843,
          "recall": 0.9858536585365854,
          "f1-score": 0.991269374141652,
          "support": 10250.0
        },
        "accuracy": 0.9942205915776486,
        "macro avg": {
          "precision": 0.9948634333826895,
          "recall": 0.9921238704868435,
          "f1-score": 0.9934750170878122,
          "support": 30799.0
        },
        "weighted avg": {
          "precision": 0.994234275561715,
          "recall": 0.9942205915776486,
          "f1-score": 0.9942125707974295,
          "support": 30799.0
        }
      },
      "y_pred": "[0 1 0 ... 0 1 0]",
      "y_pred_proba": "[[9.94866530e-01 5.13347023e-03]\n [1.01694915e-03 9.98983051e-01]\n [1.00000000e+00 0.00000000e+00]\n ...\n [9.91573034e-01 8.42696629e-03]\n [1.01694915e-03 9.98983051e-01]\n [9.99102334e-01 8.97666068e-04]]",
      "auc_roc": 0.9981464126792711,
      "tpr": 0.9858536585365854,
      "fpr": 0.0016059175628984378,
      "g_mean": 0.9921040564537037
    },
    "test": {
      "f1": 0.9894893771045418,
      "f1_score": 0.9859976662777129,
      "precision": 0.9906213364595545,
      "recall": 0.9814169570267132,
      "accuracy": 0.9906493506493507,
      "classification_report": {
        "0": {
          "precision": 0.9906632950787785,
          "recall": 0.9953097518076999,
          "f1-score": 0.9929810879313706,
          "support": 5117.0
        },
        "1": {
          "precision": 0.9906213364595545,
          "recall": 0.9814169570267132,
          "f1-score": 0.9859976662777129,
          "support": 2583.0
        },
        "accuracy": 0.9906493506493507,
        "macro avg": {
          "precision": 0.9906423157691665,
          "recall": 0.9883633544172066,
          "f1-score": 0.9894893771045418,
          "support": 7700.0
        },
        "weighted avg": {
          "precision": 0.9906492198692388,
          "recall": 0.9906493506493507,
          "f1-score": 0.9906384673948255,
          "support": 7700.0
        }
      },
      "y_pred": "[1 0 0 ... 1 0 0]",
      "y_pred_proba": "[[1.01694915e-03 9.98983051e-01]\n [9.99102334e-01 8.97666068e-04]\n [9.99102334e-01 8.97666068e-04]\n ...\n [0.00000000e+00 1.00000000e+00]\n [9.99102334e-01 8.97666068e-04]\n [9.99102334e-01 8.97666068e-04]]",
      "auc_roc": 0.9907578837925792,
      "tpr": 0.9814169570267132,
      "fpr": 0.004690248192300176,
      "g_mean": 0.988338943843723
    }
  },
  "model_info": {
    "best_params": {
      "min_samples_split": 10,
      "max_depth": 10
    },
    "best_cv_score": 0.9808564891020742,
    "trained_model": "DecisionTreeClassifier(max_depth=10, min_samples_split=10, random_state=0)"
  },
  "paths": {
    "plots": {}
  },
  "additional_info": {}
}