{
  "experiment_info": {
    "type": "single_model_grid_search",
    "model_name": "GaussianNB",
    "n_components": 50,
    "ratio": "x2",
    "version": 1,
    "suffix": "x2_v1_50_GaussianNB",
    "timestamp": "2025-07-04T10:52:40.902593"
  },
  "pca_info": {
    "n_components": 50,
    "explained_variance_ratio": 0.47412731287186966
  },
  "metrics": {
    "train": {
      "f1": 0.9805721605196074,
      "f1_score": 0.9737696727454409,
      "precision": 0.9979518689196109,
      "recall": 0.9507317073170731,
      "accuracy": 0.9829539920127277,
      "classification_report": {
        "0": {
          "precision": 0.9759912522582486,
          "recall": 0.9990267166285464,
          "f1-score": 0.9873746482937739,
          "support": 20549.0
        },
        "1": {
          "precision": 0.9979518689196109,
          "recall": 0.9507317073170731,
          "f1-score": 0.9737696727454409,
          "support": 10250.0
        },
        "accuracy": 0.9829539920127277,
        "macro avg": {
          "precision": 0.9869715605889298,
          "recall": 0.9748792119728098,
          "f1-score": 0.9805721605196074,
          "support": 30799.0
        },
        "weighted avg": {
          "precision": 0.9832998116523511,
          "recall": 0.9829539920127277,
          "f1-score": 0.982846871438343,
          "support": 30799.0
        }
      },
      "y_pred": "[0 1 0 ... 0 1 0]",
      "y_pred_proba": "[[1.00000000e+00 1.46476856e-10]\n [1.00359809e-04 9.99899640e-01]\n [9.99998861e-01 1.13946756e-06]\n ...\n [9.99999064e-01 9.36017572e-07]\n [1.49607287e-05 9.99985039e-01]\n [1.00000000e+00 5.69327510e-13]]",
      "auc_roc": 0.9966310721903267,
      "tpr": 0.9507317073170731,
      "fpr": 0.0009732833714535987,
      "g_mean": 0.9745801023803162
    },
    "test": {
      "f1": 0.983215824987518,
      "f1_score": 0.9774525316455697,
      "precision": 0.9991912656692277,
      "recall": 0.9566395663956639,
      "accuracy": 0.9851948051948052,
      "classification_report": {
        "0": {
          "precision": 0.9785727951023532,
          "recall": 0.999609145983975,
          "f1-score": 0.9889791183294664,
          "support": 5117.0
        },
        "1": {
          "precision": 0.9991912656692277,
          "recall": 0.9566395663956639,
          "f1-score": 0.9774525316455697,
          "support": 2583.0
        },
        "accuracy": 0.9851948051948052,
        "macro avg": {
          "precision": 0.9888820303857904,
          "recall": 0.9781243561898194,
          "f1-score": 0.983215824987518,
          "support": 7700.0
        },
        "weighted avg": {
          "precision": 0.985489354774332,
          "recall": 0.9851948051948052,
          "f1-score": 0.9851124724327772,
          "support": 7700.0
        }
      },
      "y_pred": "[1 0 0 ... 1 0 0]",
      "y_pred_proba": "[[1.72802341e-03 9.98271977e-01]\n [1.00000000e+00 4.89668539e-19]\n [1.00000000e+00 1.81910734e-10]\n ...\n [1.27217446e-02 9.87278255e-01]\n [9.99999994e-01 5.79830583e-09]\n [9.99999996e-01 4.14629720e-09]]",
      "auc_roc": 0.9976028982211149,
      "tpr": 0.9566395663956639,
      "fpr": 0.00039085401602501464,
      "g_mean": 0.9778883678514894
    }
  },
  "model_info": {
    "best_params": {},
    "best_cv_score": 0.973816271272584,
    "trained_model": "GaussianNB()"
  },
  "paths": {
    "plots": {}
  },
  "additional_info": {}
}