{
  "experiment_info": {
    "type": "single_model_grid_search",
    "model_name": "GaussianNB",
    "n_components": 500,
    "ratio": "x2",
    "version": 1,
    "suffix": "x2_v1_500_GaussianNB",
    "timestamp": "2025-07-08T01:14:50.088158"
  },
  "pca_info": {
    "n_components": 500,
    "explained_variance_ratio": 0.9637598383072935
  },
  "metrics": {
    "train": {
      "f1": 0.9598117730034214,
      "f1_score": 0.9460207612456747,
      "precision": 0.9588176352705411,
      "recall": 0.9335609756097561,
      "accuracy": 0.9645443033864736,
      "classification_report": {
        "0": {
          "precision": 0.9672894951726788,
          "recall": 0.9799990267166285,
          "f1-score": 0.973602784761168,
          "support": 20549.0
        },
        "1": {
          "precision": 0.9588176352705411,
          "recall": 0.9335609756097561,
          "f1-score": 0.9460207612456747,
          "support": 10250.0
        },
        "accuracy": 0.9645443033864736,
        "macro avg": {
          "precision": 0.9630535652216099,
          "recall": 0.9567800011631924,
          "f1-score": 0.9598117730034214,
          "support": 30799.0
        },
        "weighted avg": {
          "precision": 0.9644700346708147,
          "recall": 0.9645443033864736,
          "f1-score": 0.9644234042282349,
          "support": 30799.0
        }
      },
      "y_pred": "[0 1 0 ... 1 1 0]",
      "y_pred_proba": "[[1.00000000e+00 1.43005331e-19]\n [3.50026715e-04 9.99649973e-01]\n [9.58255444e-01 4.17445562e-02]\n ...\n [4.75300139e-02 9.52469986e-01]\n [7.63882009e-14 1.00000000e+00]\n [1.00000000e+00 8.18800024e-27]]",
      "auc_roc": 0.9904904208738424,
      "tpr": 0.9335609756097561,
      "fpr": 0.020000973283371453,
      "g_mean": 0.9564982213669753
    },
    "test": {
      "f1": 0.9605901741732492,
      "f1_score": 0.9471191791633781,
      "precision": 0.96579476861167,
      "recall": 0.9291521486643438,
      "accuracy": 0.9651948051948052,
      "classification_report": {
        "0": {
          "precision": 0.9649089165867689,
          "recall": 0.9833887043189369,
          "f1-score": 0.9740611691831204,
          "support": 5117.0
        },
        "1": {
          "precision": 0.96579476861167,
          "recall": 0.9291521486643438,
          "f1-score": 0.9471191791633781,
          "support": 2583.0
        },
        "accuracy": 0.9651948051948052,
        "macro avg": {
          "precision": 0.9653518425992195,
          "recall": 0.9562704264916404,
          "f1-score": 0.9605901741732492,
          "support": 7700.0
        },
        "weighted avg": {
          "precision": 0.965206079675122,
          "recall": 0.9651948051948052,
          "f1-score": 0.9650233561674068,
          "support": 7700.0
        }
      },
      "y_pred": "[1 0 0 ... 1 0 0]",
      "y_pred_proba": "[[1.49807630e-07 9.99999850e-01]\n [1.00000000e+00 6.80249315e-12]\n [1.00000000e+00 1.82181570e-46]\n ...\n [1.88577423e-11 1.00000000e+00]\n [1.00000000e+00 3.78668976e-21]\n [9.99998744e-01 1.25570081e-06]]",
      "auc_roc": 0.9919318077013373,
      "tpr": 0.9291521486643438,
      "fpr": 0.016611295681063124,
      "g_mean": 0.9558858339729621
    }
  },
  "model_info": {
    "best_params": {},
    "best_cv_score": 0.9453395221792297,
    "trained_model": "GaussianNB()"
  },
  "paths": {
    "plots": {}
  },
  "additional_info": {}
}