{
  "experiment_info": {
    "type": "single_model_grid_search",
    "model_name": "GaussianNB",
    "n_components": 20,
    "ratio": "x2",
    "version": 1,
    "suffix": "x2_v1_20_GaussianNB",
    "timestamp": "2025-07-04T10:16:58.889343"
  },
  "pca_info": {
    "n_components": 20,
    "explained_variance_ratio": 0.32941789810531014
  },
  "metrics": {
    "train": {
      "f1": 0.9810693949443117,
      "f1_score": 0.9744612928970471,
      "precision": 0.9969381506429884,
      "recall": 0.9529756097560975,
      "accuracy": 0.9833760836390792,
      "classification_report": {
        "0": {
          "precision": 0.9770487119660969,
          "recall": 0.9985400749428196,
          "f1-score": 0.9876774969915764,
          "support": 20549.0
        },
        "1": {
          "precision": 0.9969381506429884,
          "recall": 0.9529756097560975,
          "f1-score": 0.9744612928970471,
          "support": 10250.0
        },
        "accuracy": 0.9833760836390792,
        "macro avg": {
          "precision": 0.9869934313045426,
          "recall": 0.9757578423494586,
          "f1-score": 0.9810693949443117,
          "support": 30799.0
        },
        "weighted avg": {
          "precision": 0.9836679770863326,
          "recall": 0.9833760836390792,
          "f1-score": 0.9832791044473729,
          "support": 30799.0
        }
      },
      "y_pred": "[0 1 0 ... 0 1 0]",
      "y_pred_proba": "[[9.99999995e-01 4.86185421e-09]\n [2.54821870e-04 9.99745178e-01]\n [9.99996239e-01 3.76132449e-06]\n ...\n [9.99999928e-01 7.23858957e-08]\n [3.08198220e-04 9.99691802e-01]\n [9.99999998e-01 1.82534381e-09]]",
      "auc_roc": 0.996624168999975,
      "tpr": 0.9529756097560975,
      "fpr": 0.0014599250571803982,
      "g_mean": 0.975491843525374
    },
    "test": {
      "f1": 0.9838178131067843,
      "f1_score": 0.9782780410742496,
      "precision": 0.9983877468762595,
      "recall": 0.9589624467673248,
      "accuracy": 0.9857142857142858,
      "classification_report": {
        "0": {
          "precision": 0.9796895957079901,
          "recall": 0.99921829196795,
          "f1-score": 0.9893575851393189,
          "support": 5117.0
        },
        "1": {
          "precision": 0.9983877468762595,
          "recall": 0.9589624467673248,
          "f1-score": 0.9782780410742496,
          "support": 2583.0
        },
        "accuracy": 0.9857142857142858,
        "macro avg": {
          "precision": 0.9890386712921249,
          "recall": 0.9790903693676374,
          "f1-score": 0.9838178131067843,
          "support": 7700.0
        },
        "weighted avg": {
          "precision": 0.9859619755089823,
          "recall": 0.9857142857142858,
          "f1-score": 0.9856409017211275,
          "support": 7700.0
        }
      },
      "y_pred": "[1 0 0 ... 1 0 0]",
      "y_pred_proba": "[[2.04240259e-02 9.79575974e-01]\n [1.00000000e+00 2.90073150e-18]\n [9.99999032e-01 9.68113999e-07]\n ...\n [5.14236560e-02 9.48576344e-01]\n [9.99999985e-01 1.50367696e-08]\n [9.99999900e-01 9.98828206e-08]]",
      "auc_roc": 0.9972989763120222,
      "tpr": 0.9589624467673248,
      "fpr": 0.0007817080320500293,
      "g_mean": 0.9788834548199558
    }
  },
  "model_info": {
    "best_params": {},
    "best_cv_score": 0.9743506988441434,
    "trained_model": "GaussianNB()"
  },
  "paths": {
    "plots": {}
  },
  "additional_info": {}
}