{
  "experiment_info": {
    "type": "single_model_grid_search",
    "model_name": "GaussianNB",
    "n_components": 100,
    "ratio": "x2",
    "version": 1,
    "suffix": "x2_v1_100_GaussianNB",
    "timestamp": "2025-07-04T12:01:09.327282"
  },
  "pca_info": {
    "n_components": 100,
    "explained_variance_ratio": 0.6139422640617337
  },
  "metrics": {
    "train": {
      "f1": 0.9753923333552383,
      "f1_score": 0.9666850912014472,
      "precision": 0.9966842814216144,
      "recall": 0.9384390243902438,
      "accuracy": 0.9784733270560733,
      "classification_report": {
        "0": {
          "precision": 0.970162663135994,
          "recall": 0.9984427466056742,
          "f1-score": 0.9840995755090294,
          "support": 20549.0
        },
        "1": {
          "precision": 0.9966842814216144,
          "recall": 0.9384390243902438,
          "f1-score": 0.9666850912014472,
          "support": 10250.0
        },
        "accuracy": 0.9784733270560733,
        "macro avg": {
          "precision": 0.9834234722788042,
          "recall": 0.968440885497959,
          "f1-score": 0.9753923333552383,
          "support": 30799.0
        },
        "weighted avg": {
          "precision": 0.9789891376133344,
          "recall": 0.9784733270560733,
          "f1-score": 0.9783039826601475,
          "support": 30799.0
        }
      },
      "y_pred": "[0 1 0 ... 0 1 0]",
      "y_pred_proba": "[[1.00000000e+00 1.30178641e-13]\n [1.05873584e-05 9.99989413e-01]\n [9.99998007e-01 1.99282538e-06]\n ...\n [9.99968017e-01 3.19833795e-05]\n [1.38227198e-07 9.99999862e-01]\n [1.00000000e+00 1.26999557e-18]]",
      "auc_roc": 0.9954512058624893,
      "tpr": 0.9384390243902438,
      "fpr": 0.001557253394325758,
      "g_mean": 0.9679760518908226
    },
    "test": {
      "f1": 0.9815795082679875,
      "f1_score": 0.9752328115712304,
      "precision": 0.9987824675324676,
      "recall": 0.9527680991095625,
      "accuracy": 0.9837662337662337,
      "classification_report": {
        "0": {
          "precision": 0.9766997708174179,
          "recall": 0.9994137189759624,
          "f1-score": 0.9879262049647445,
          "support": 5117.0
        },
        "1": {
          "precision": 0.9987824675324676,
          "recall": 0.9527680991095625,
          "f1-score": 0.9752328115712304,
          "support": 2583.0
        },
        "accuracy": 0.9837662337662337,
        "macro avg": {
          "precision": 0.9877411191749428,
          "recall": 0.9760909090427625,
          "f1-score": 0.9815795082679875,
          "support": 7700.0
        },
        "weighted avg": {
          "precision": 0.9841075118063755,
          "recall": 0.9837662337662337,
          "f1-score": 0.9836681484536476,
          "support": 7700.0
        }
      },
      "y_pred": "[1 0 0 ... 1 0 0]",
      "y_pred_proba": "[[1.69688541e-04 9.99830311e-01]\n [1.00000000e+00 2.03968020e-19]\n [1.00000000e+00 8.05741155e-16]\n ...\n [4.00329408e-03 9.95996706e-01]\n [9.99999976e-01 2.40771702e-08]\n [9.99999999e-01 5.20308505e-10]]",
      "auc_roc": 0.9969637316072202,
      "tpr": 0.9527680991095625,
      "fpr": 0.000586281024037522,
      "g_mean": 0.9758122305304162
    }
  },
  "model_info": {
    "best_params": {},
    "best_cv_score": 0.9665747631044918,
    "trained_model": "GaussianNB()"
  },
  "paths": {
    "plots": {}
  },
  "additional_info": {}
}