{
  "experiment_info": {
    "type": "single_model_grid_search",
    "model_name": "GaussianNB",
    "n_components": 200,
    "ratio": "x2",
    "version": 1,
    "suffix": "x2_v1_200_GaussianNB",
    "timestamp": "2025-07-04T14:12:40.970992"
  },
  "pca_info": {
    "n_components": 200,
    "explained_variance_ratio": 0.7710376117344098
  },
  "metrics": {
    "train": {
      "f1": 0.971061192650273,
      "f1_score": 0.9608815426997245,
      "precision": 0.9873391662377766,
      "recall": 0.9358048780487805,
      "accuracy": 0.9746420338322673,
      "classification_report": {
        "0": {
          "precision": 0.9687915006640107,
          "recall": 0.9940143072655604,
          "f1-score": 0.9812408426008215,
          "support": 20549.0
        },
        "1": {
          "precision": 0.9873391662377766,
          "recall": 0.9358048780487805,
          "f1-score": 0.9608815426997245,
          "support": 10250.0
        },
        "accuracy": 0.9746420338322673,
        "macro avg": {
          "precision": 0.9780653334508936,
          "recall": 0.9649095926571705,
          "f1-score": 0.971061192650273,
          "support": 30799.0
        },
        "weighted avg": {
          "precision": 0.97496421965265,
          "recall": 0.9746420338322673,
          "f1-score": 0.9744652062494384,
          "support": 30799.0
        }
      },
      "y_pred": "[0 1 0 ... 0 1 0]",
      "y_pred_proba": "[[1.00000000e+00 2.76004875e-17]\n [1.58621001e-04 9.99841379e-01]\n [9.91273731e-01 8.72626873e-03]\n ...\n [7.15260643e-01 2.84739357e-01]\n [4.96815898e-11 1.00000000e+00]\n [1.00000000e+00 1.19488501e-22]]",
      "auc_roc": 0.9940516860947478,
      "tpr": 0.9358048780487805,
      "fpr": 0.005985692734439632,
      "g_mean": 0.9644705478081697
    },
    "test": {
      "f1": 0.9747853871063534,
      "f1_score": 0.9660781590954176,
      "precision": 0.9906427990235964,
      "recall": 0.9427022841656988,
      "accuracy": 0.9777922077922078,
      "classification_report": {
        "0": {
          "precision": 0.9717665013353681,
          "recall": 0.9955051788157123,
          "f1-score": 0.9834926151172894,
          "support": 5117.0
        },
        "1": {
          "precision": 0.9906427990235964,
          "recall": 0.9427022841656988,
          "f1-score": 0.9660781590954176,
          "support": 2583.0
        },
        "accuracy": 0.9777922077922078,
        "macro avg": {
          "precision": 0.9812046501794822,
          "recall": 0.9691037314907056,
          "f1-score": 0.9747853871063534,
          "support": 7700.0
        },
        "weighted avg": {
          "precision": 0.9780986411962375,
          "recall": 0.9777922077922078,
          "f1-score": 0.9776508566881343,
          "support": 7700.0
        }
      },
      "y_pred": "[1 0 0 ... 1 0 0]",
      "y_pred_proba": "[[2.79164258e-05 9.99972084e-01]\n [1.00000000e+00 3.87131771e-16]\n [1.00000000e+00 6.71113759e-23]\n ...\n [1.01495635e-06 9.99998985e-01]\n [1.00000000e+00 4.14324373e-12]\n [9.99999984e-01 1.55331922e-08]]",
      "auc_roc": 0.9958834734498829,
      "tpr": 0.9427022841656988,
      "fpr": 0.004494821184287669,
      "g_mean": 0.968744035320143
    }
  },
  "model_info": {
    "best_params": {},
    "best_cv_score": 0.9606750865551369,
    "trained_model": "GaussianNB()"
  },
  "paths": {
    "plots": {}
  },
  "additional_info": {}
}