{
  "experiment_info": {
    "type": "single_model_grid_search",
    "model_name": "RandomForest",
    "n_components": 100,
    "ratio": "x2",
    "version": 1,
    "suffix": "x2_v1_100_RandomForest",
    "timestamp": "2025-07-04T12:00:39.250617"
  },
  "pca_info": {
    "n_components": 100,
    "explained_variance_ratio": 0.6139422640617337
  },
  "metrics": {
    "train": {
      "f1": 0.9999268838524156,
      "f1_score": 0.9999024295053176,
      "precision": 1.0,
      "recall": 0.9998048780487805,
      "accuracy": 0.9999350628267152,
      "classification_report": {
        "0": {
          "precision": 0.999902681134738,
          "recall": 1.0,
          "f1-score": 0.9999513381995134,
          "support": 20549.0
        },
        "1": {
          "precision": 1.0,
          "recall": 0.9998048780487805,
          "f1-score": 0.9999024295053176,
          "support": 10250.0
        },
        "accuracy": 0.9999350628267152,
        "macro avg": {
          "precision": 0.999951340567369,
          "recall": 0.9999024390243902,
          "f1-score": 0.9999268838524156,
          "support": 30799.0
        },
        "weighted avg": {
          "precision": 0.9999350691463271,
          "recall": 0.9999350628267152,
          "f1-score": 0.9999350612387189,
          "support": 30799.0
        }
      },
      "y_pred": "[0 1 0 ... 0 1 0]",
      "y_pred_proba": "[[0.98923027 0.01076973]\n [0.04219782 0.95780218]\n [0.97501112 0.02498888]\n ...\n [0.9872615  0.0127385 ]\n [0.00288437 0.99711563]\n [0.97935828 0.02064172]]",
      "auc_roc": 0.9999999999999999,
      "tpr": 0.9998048780487805,
      "fpr": 0.0,
      "g_mean": 0.9999024342648539
    },
    "test": {
      "f1": 0.9888486391414291,
      "f1_score": 0.9850687622789784,
      "precision": 1.0,
      "recall": 0.9705768486256291,
      "accuracy": 0.9901298701298701,
      "classification_report": {
        "0": {
          "precision": 0.9853649143077219,
          "recall": 1.0,
          "f1-score": 0.9926285160038797,
          "support": 5117.0
        },
        "1": {
          "precision": 1.0,
          "recall": 0.9705768486256291,
          "f1-score": 0.9850687622789784,
          "support": 2583.0
        },
        "accuracy": 0.9901298701298701,
        "macro avg": {
          "precision": 0.9926824571538609,
          "recall": 0.9852884243128146,
          "f1-score": 0.9888486391414291,
          "support": 7700.0
        },
        "weighted avg": {
          "precision": 0.9902743203263134,
          "recall": 0.9901298701298701,
          "f1-score": 0.9900925622543446,
          "support": 7700.0
        }
      },
      "y_pred": "[1 0 0 ... 1 0 0]",
      "y_pred_proba": "[[0.06231483 0.93768517]\n [0.96956139 0.03043861]\n [0.92165539 0.07834461]\n ...\n [0.12860466 0.87139534]\n [0.93934065 0.06065935]\n [0.94470378 0.05529622]]",
      "auc_roc": 0.9986517579238161,
      "tpr": 0.9705768486256291,
      "fpr": 0.0,
      "g_mean": 0.9851785871737312
    }
  },
  "model_info": {
    "best_params": {
      "n_estimators": 200,
      "min_samples_split": 2,
      "max_depth": 20
    },
    "best_cv_score": 0.9828298232031697,
    "trained_model": "RandomForestClassifier(max_depth=20, n_estimators=200, n_jobs=-1,\n                       random_state=0)"
  },
  "paths": {
    "plots": {}
  },
  "additional_info": {}
}