{
  "experiment_info": {
    "type": "single_model_grid_search",
    "model_name": "RandomForest",
    "n_components": 500,
    "ratio": "x2",
    "version": 1,
    "suffix": "x2_v1_500_RandomForest",
    "timestamp": "2025-07-08T01:35:02.517013"
  },
  "pca_info": {
    "n_components": 500,
    "explained_variance_ratio": 0.9637598383072935
  },
  "metrics": {
    "train": {
      "f1": 0.999780630094889,
      "f1_score": 0.9997072313847956,
      "precision": 1.0,
      "recall": 0.9994146341463415,
      "accuracy": 0.9998051884801454,
      "classification_report": {
        "0": {
          "precision": 0.9997081002189249,
          "recall": 1.0,
          "f1-score": 0.9998540288049825,
          "support": 20549.0
        },
        "1": {
          "precision": 1.0,
          "recall": 0.9994146341463415,
          "f1-score": 0.9997072313847956,
          "support": 10250.0
        },
        "accuracy": 0.9998051884801454,
        "macro avg": {
          "precision": 0.9998540501094624,
          "recall": 0.9997073170731707,
          "f1-score": 0.999780630094889,
          "support": 30799.0
        },
        "weighted avg": {
          "precision": 0.9998052453455855,
          "recall": 0.9998051884801454,
          "f1-score": 0.9998051741812313,
          "support": 30799.0
        }
      },
      "y_pred": "[0 1 0 ... 0 1 0]",
      "y_pred_proba": "[[0.97545786 0.02454214]\n [0.10717737 0.89282263]\n [0.88555978 0.11444022]\n ...\n [0.95871085 0.04128915]\n [0.05065458 0.94934542]\n [0.9647229  0.0352771 ]]",
      "auc_roc": 0.9999999999999999,
      "tpr": 0.9994146341463415,
      "fpr": 0.0,
      "g_mean": 0.9997072742289822
    },
    "test": {
      "f1": 0.9823145316899475,
      "f1_score": 0.976218787158145,
      "precision": 1.0,
      "recall": 0.9535423925667829,
      "accuracy": 0.9844155844155844,
      "classification_report": {
        "0": {
          "precision": 0.9770861180064923,
          "recall": 1.0,
          "f1-score": 0.98841027622175,
          "support": 5117.0
        },
        "1": {
          "precision": 1.0,
          "recall": 0.9535423925667829,
          "f1-score": 0.976218787158145,
          "support": 2583.0
        },
        "accuracy": 0.9844155844155844,
        "macro avg": {
          "precision": 0.9885430590032461,
          "recall": 0.9767711962833914,
          "f1-score": 0.9823145316899475,
          "support": 7700.0
        },
        "weighted avg": {
          "precision": 0.9847726838752235,
          "recall": 0.9844155844155844,
          "f1-score": 0.9843205857995044,
          "support": 7700.0
        }
      },
      "y_pred": "[1 0 0 ... 1 0 0]",
      "y_pred_proba": "[[0.16724956 0.83275044]\n [0.91465445 0.08534555]\n [0.8276286  0.1723714 ]\n ...\n [0.27107104 0.72892896]\n [0.87771607 0.12228393]\n [0.90954589 0.09045411]]",
      "auc_roc": 0.9968661315916043,
      "tpr": 0.9535423925667829,
      "fpr": 0.0,
      "g_mean": 0.9764949526581194
    }
  },
  "model_info": {
    "best_params": {
      "n_estimators": 200,
      "min_samples_split": 2,
      "max_depth": 20
    },
    "best_cv_score": 0.9705127755914225,
    "trained_model": "RandomForestClassifier(max_depth=20, n_estimators=200, n_jobs=-1,\n                       random_state=0)"
  },
  "paths": {
    "plots": {}
  },
  "additional_info": {}
}