{
  "experiment_info": {
    "type": "single_model_grid_search",
    "model_name": "GaussianNB",
    "n_components": 500,
    "ratio": "x2",
    "version": 1,
    "suffix": "x2_v1_500_GaussianNB",
    "timestamp": "2025-07-05T20:22:44.379618"
  },
  "pca_info": {
    "n_components": 500,
    "explained_variance_ratio": 0.9637731264587506
  },
  "metrics": {
    "train": {
      "f1": 0.9598718620862225,
      "f1_score": 0.9461314373179283,
      "precision": 0.957812656203139,
      "recall": 0.9347317073170732,
      "accuracy": 0.964576771973116,
      "classification_report": {
        "0": {
          "precision": 0.9678303519907675,
          "recall": 0.979463720862329,
          "f1-score": 0.9736122868545168,
          "support": 20549.0
        },
        "1": {
          "precision": 0.957812656203139,
          "recall": 0.9347317073170732,
          "f1-score": 0.9461314373179283,
          "support": 10250.0
        },
        "accuracy": 0.964576771973116,
        "macro avg": {
          "precision": 0.9628215040969532,
          "recall": 0.9570977140897011,
          "f1-score": 0.9598718620862225,
          "support": 30799.0
        },
        "weighted avg": {
          "precision": 0.9644964326484774,
          "recall": 0.964576771973116,
          "f1-score": 0.964466577326609,
          "support": 30799.0
        }
      },
      "y_pred": "[0 1 0 ... 1 1 0]",
      "y_pred_proba": "[[1.00000000e+00 2.37235376e-19]\n [9.24052504e-04 9.99075947e-01]\n [9.15580374e-01 8.44196261e-02]\n ...\n [4.07238758e-02 9.59276124e-01]\n [1.06121893e-14 1.00000000e+00]\n [1.00000000e+00 3.30603299e-27]]",
      "auc_roc": 0.990472842426609,
      "tpr": 0.9347317073170732,
      "fpr": 0.02053627913767093,
      "g_mean": 0.9568363475834193
    },
    "test": {
      "f1": 0.9596997588097993,
      "f1_score": 0.9459139360442164,
      "precision": 0.9649617398308498,
      "recall": 0.9276035617499032,
      "accuracy": 0.9644155844155844,
      "classification_report": {
        "0": {
          "precision": 0.9641556450067088,
          "recall": 0.9829978503029119,
          "f1-score": 0.9734855815753822,
          "support": 5117.0
        },
        "1": {
          "precision": 0.9649617398308498,
          "recall": 0.9276035617499032,
          "f1-score": 0.9459139360442164,
          "support": 2583.0
        },
        "accuracy": 0.9644155844155844,
        "macro avg": {
          "precision": 0.9645586924187792,
          "recall": 0.9553007060264076,
          "f1-score": 0.9596997588097993,
          "support": 7700.0
        },
        "weighted avg": {
          "precision": 0.9644260531795342,
          "recall": 0.9644155844155844,
          "f1-score": 0.9642365477562911,
          "support": 7700.0
        }
      },
      "y_pred": "[1 0 0 ... 1 0 0]",
      "y_pred_proba": "[[3.49076616e-07 9.99999651e-01]\n [1.00000000e+00 4.15206363e-12]\n [1.00000000e+00 9.46019749e-47]\n ...\n [2.18053684e-11 1.00000000e+00]\n [1.00000000e+00 4.56324696e-21]\n [9.99996272e-01 3.72805044e-06]]",
      "auc_roc": 0.9918975342074815,
      "tpr": 0.9276035617499032,
      "fpr": 0.01700214969708814,
      "g_mean": 0.9548991083530654
    }
  },
  "model_info": {
    "best_params": {},
    "best_cv_score": 0.945553770670401,
    "trained_model": "GaussianNB()"
  },
  "paths": {
    "plots": {}
  },
  "additional_info": {}
}