{
  "experiment_info": {
    "type": "single_model_grid_search",
    "model_name": "GaussianNB",
    "n_components": 20,
    "ratio": "x2",
    "version": 1,
    "suffix": "x2_v1_20_GaussianNB",
    "timestamp": "2025-07-05T06:15:43.029844"
  },
  "pca_info": {
    "n_components": 20,
    "explained_variance_ratio": 0.3343219629952956
  },
  "metrics": {
    "train": {
      "f1": 0.9819595603328743,
      "f1_score": 0.975665702602972,
      "precision": 0.9978580171358629,
      "recall": 0.9544390243902439,
      "accuracy": 0.9841553297184974,
      "classification_report": {
        "0": {
          "precision": 0.977756608716361,
          "recall": 0.9989780524599737,
          "f1-score": 0.9882534180627768,
          "support": 20549.0
        },
        "1": {
          "precision": 0.9978580171358629,
          "recall": 0.9544390243902439,
          "f1-score": 0.975665702602972,
          "support": 10250.0
        },
        "accuracy": 0.9841553297184974,
        "macro avg": {
          "precision": 0.987807312926112,
          "recall": 0.9767085384251089,
          "f1-score": 0.9819595603328743,
          "support": 30799.0
        },
        "weighted avg": {
          "precision": 0.9844464180056202,
          "recall": 0.9841553297184974,
          "f1-score": 0.9840641884298992,
          "support": 30799.0
        }
      },
      "y_pred": "[0 1 0 ... 0 1 0]",
      "y_pred_proba": "[[9.99999999e-01 1.24075246e-09]\n [5.27690037e-04 9.99472310e-01]\n [9.99998143e-01 1.85739257e-06]\n ...\n [9.99999998e-01 1.92360327e-09]\n [9.21514764e-04 9.99078485e-01]\n [1.00000000e+00 1.87464330e-11]]",
      "auc_roc": 0.9981043810807956,
      "tpr": 0.9544390243902439,
      "fpr": 0.0010219475400262787,
      "g_mean": 0.9764546265839305
    },
    "test": {
      "f1": 0.9842607304843518,
      "f1_score": 0.9788746298124383,
      "precision": 0.9987912973408541,
      "recall": 0.9597367402245451,
      "accuracy": 0.9861038961038961,
      "classification_report": {
        "0": {
          "precision": 0.9800689919509391,
          "recall": 0.9994137189759624,
          "f1-score": 0.9896468311562652,
          "support": 5117.0
        },
        "1": {
          "precision": 0.9987912973408541,
          "recall": 0.9597367402245451,
          "f1-score": 0.9788746298124383,
          "support": 2583.0
        },
        "accuracy": 0.9861038961038961,
        "macro avg": {
          "precision": 0.9894301446458966,
          "recall": 0.9795752296002538,
          "f1-score": 0.9842607304843518,
          "support": 7700.0
        },
        "weighted avg": {
          "precision": 0.9863494743953742,
          "recall": 0.9861038961038961,
          "f1-score": 0.9860332472509269,
          "support": 7700.0
        }
      },
      "y_pred": "[1 0 0 ... 1 0 0]",
      "y_pred_proba": "[[1.91486024e-02 9.80851398e-01]\n [1.00000000e+00 1.00443174e-20]\n [9.99999927e-01 7.33256631e-08]\n ...\n [5.35284160e-02 9.46471584e-01]\n [1.00000000e+00 3.26629424e-12]\n [9.99999982e-01 1.81042121e-08]]",
      "auc_roc": 0.9981347048178318,
      "tpr": 0.9597367402245451,
      "fpr": 0.000586281024037522,
      "g_mean": 0.9793743231194495
    }
  },
  "model_info": {
    "best_params": {},
    "best_cv_score": 0.9755559551771291,
    "trained_model": "GaussianNB()"
  },
  "paths": {
    "plots": {}
  },
  "additional_info": {}
}