{
  "experiment_info": {
    "type": "single_model_grid_search",
    "model_name": "GaussianNB",
    "n_components": 100,
    "ratio": "x2",
    "version": 1,
    "suffix": "x2_v1_100_GaussianNB",
    "timestamp": "2025-07-05T07:58:32.156664"
  },
  "pca_info": {
    "n_components": 100,
    "explained_variance_ratio": 0.5978343070278438
  },
  "metrics": {
    "train": {
      "f1": 0.9786156516137947,
      "f1_score": 0.9710878388535351,
      "precision": 0.9982486865148862,
      "recall": 0.9453658536585365,
      "accuracy": 0.9812656255073217,
      "classification_report": {
        "0": {
          "precision": 0.9734496491560781,
          "recall": 0.9991727091342645,
          "f1-score": 0.9861434643740544,
          "support": 20549.0
        },
        "1": {
          "precision": 0.9982486865148862,
          "recall": 0.9453658536585365,
          "f1-score": 0.9710878388535351,
          "support": 10250.0
        },
        "accuracy": 0.9812656255073217,
        "macro avg": {
          "precision": 0.9858491678354822,
          "recall": 0.9722692813964005,
          "f1-score": 0.9786156516137947,
          "support": 30799.0
        },
        "weighted avg": {
          "precision": 0.9817028435106929,
          "recall": 0.9812656255073217,
          "f1-score": 0.9811329068369485,
          "support": 30799.0
        }
      },
      "y_pred": "[0 1 0 ... 0 1 0]",
      "y_pred_proba": "[[1.00000000e+00 3.59176698e-14]\n [1.20391901e-03 9.98796081e-01]\n [9.99996634e-01 3.36619859e-06]\n ...\n [9.99989211e-01 1.07888609e-05]\n [4.46846407e-07 9.99999553e-01]\n [1.00000000e+00 3.75323512e-21]]",
      "auc_roc": 0.9975577614007684,
      "tpr": 0.9453658536585365,
      "fpr": 0.0008272908657355589,
      "g_mean": 0.9718969910042043
    },
    "test": {
      "f1": 0.9821689640034119,
      "f1_score": 0.9760253616009511,
      "precision": 0.9995941558441559,
      "recall": 0.9535423925667829,
      "accuracy": 0.9842857142857143,
      "classification_report": {
        "0": {
          "precision": 0.9770817417876242,
          "recall": 0.9998045729919874,
          "f1-score": 0.9883125664058727,
          "support": 5117.0
        },
        "1": {
          "precision": 0.9995941558441559,
          "recall": 0.9535423925667829,
          "f1-score": 0.9760253616009511,
          "support": 2583.0
        },
        "accuracy": 0.9842857142857143,
        "macro avg": {
          "precision": 0.9883379488158901,
          "recall": 0.9766734827793851,
          "f1-score": 0.9821689640034119,
          "support": 7700.0
        },
        "weighted avg": {
          "precision": 0.9846336334120426,
          "recall": 0.9842857142857143,
          "f1-score": 0.9841907677031309,
          "support": 7700.0
        }
      },
      "y_pred": "[1 0 0 ... 1 0 0]",
      "y_pred_proba": "[[2.50503992e-06 9.99997495e-01]\n [1.00000000e+00 2.92863486e-22]\n [1.00000000e+00 1.01907246e-19]\n ...\n [3.49718940e-04 9.99650281e-01]\n [1.00000000e+00 1.76566331e-13]\n [1.00000000e+00 1.27692181e-10]]",
      "auc_roc": 0.9980560195339243,
      "tpr": 0.9535423925667829,
      "fpr": 0.00019542700801250732,
      "g_mean": 0.9763995312524429
    }
  },
  "model_info": {
    "best_params": {},
    "best_cv_score": 0.970878756346028,
    "trained_model": "GaussianNB()"
  },
  "paths": {
    "plots": {}
  },
  "additional_info": {}
}