{
  "experiment_info": {
    "type": "single_model_grid_search",
    "model_name": "GaussianNB",
    "n_components": 50,
    "ratio": "x2",
    "version": 1,
    "suffix": "x2_v1_50_GaussianNB",
    "timestamp": "2025-07-05T06:51:09.010297"
  },
  "pca_info": {
    "n_components": 50,
    "explained_variance_ratio": 0.4669717346409006
  },
  "metrics": {
    "train": {
      "f1": 0.981168149712617,
      "f1_score": 0.9745792338810368,
      "precision": 0.9983628363859613,
      "recall": 0.9519024390243902,
      "accuracy": 0.9834734893990065,
      "classification_report": {
        "0": {
          "precision": 0.9765528393417673,
          "recall": 0.9992213733028371,
          "f1-score": 0.9877570655441973,
          "support": 20549.0
        },
        "1": {
          "precision": 0.9983628363859613,
          "recall": 0.9519024390243902,
          "f1-score": 0.9745792338810368,
          "support": 10250.0
        },
        "accuracy": 0.9834734893990065,
        "macro avg": {
          "precision": 0.9874578378638643,
          "recall": 0.9755619061636136,
          "f1-score": 0.981168149712617,
          "support": 30799.0
        },
        "weighted avg": {
          "precision": 0.9838112720734465,
          "recall": 0.9834734893990065,
          "f1-score": 0.9833714434607727,
          "support": 30799.0
        }
      },
      "y_pred": "[0 1 0 ... 0 1 0]",
      "y_pred_proba": "[[1.00000000e+00 1.46858038e-11]\n [4.19229621e-05 9.99958077e-01]\n [9.99998475e-01 1.52525048e-06]\n ...\n [9.99999981e-01 1.85796233e-08]\n [1.95279027e-05 9.99980472e-01]\n [1.00000000e+00 4.70164868e-19]]",
      "auc_roc": 0.9978607801222301,
      "tpr": 0.9519024390243902,
      "fpr": 0.000778626697162879,
      "g_mean": 0.9752749675718492
    },
    "test": {
      "f1": 0.9836624666762204,
      "f1_score": 0.9780589049219214,
      "precision": 0.9991922455573505,
      "recall": 0.9578010065814944,
      "accuracy": 0.9855844155844156,
      "classification_report": {
        "0": {
          "precision": 0.9791347626339969,
          "recall": 0.999609145983975,
          "f1-score": 0.9892660284305193,
          "support": 5117.0
        },
        "1": {
          "precision": 0.9991922455573505,
          "recall": 0.9578010065814944,
          "f1-score": 0.9780589049219214,
          "support": 2583.0
        },
        "accuracy": 0.9855844155844156,
        "macro avg": {
          "precision": 0.9891635040956737,
          "recall": 0.9787050762827347,
          "f1-score": 0.9836624666762204,
          "support": 7700.0
        },
        "weighted avg": {
          "precision": 0.9858631364510129,
          "recall": 0.9855844155844156,
          "f1-score": 0.9855065479080896,
          "support": 7700.0
        }
      },
      "y_pred": "[1 0 0 ... 1 0 0]",
      "y_pred_proba": "[[1.53316859e-04 9.99846683e-01]\n [1.00000000e+00 9.26542097e-23]\n [1.00000000e+00 5.26502520e-12]\n ...\n [2.26558492e-02 9.77344151e-01]\n [1.00000000e+00 1.06331628e-11]\n [1.00000000e+00 1.05278633e-12]]",
      "auc_roc": 0.9982189132033983,
      "tpr": 0.9578010065814944,
      "fpr": 0.00039085401602501464,
      "g_mean": 0.9784818067861656
    }
  },
  "model_info": {
    "best_params": {},
    "best_cv_score": 0.9745262079094893,
    "trained_model": "GaussianNB()"
  },
  "paths": {
    "plots": {}
  },
  "additional_info": {}
}