{
  "experiment_info": {
    "type": "single_model_grid_search",
    "model_name": "GaussianNB",
    "n_components": 200,
    "ratio": "x2",
    "version": 1,
    "suffix": "x2_v1_200_GaussianNB",
    "timestamp": "2025-07-05T10:19:25.663434"
  },
  "pca_info": {
    "n_components": 200,
    "explained_variance_ratio": 0.7484187590155952
  },
  "metrics": {
    "train": {
      "f1": 0.9730453762891159,
      "f1_score": 0.9636354566768095,
      "precision": 0.9859140553230581,
      "recall": 0.9423414634146341,
      "accuracy": 0.9763304003376733,
      "classification_report": {
        "0": {
          "precision": 0.971859822874012,
          "recall": 0.9932843447369701,
          "f1-score": 0.9824552959014223,
          "support": 20549.0
        },
        "1": {
          "precision": 0.9859140553230581,
          "recall": 0.9423414634146341,
          "f1-score": 0.9636354566768095,
          "support": 10250.0
        },
        "accuracy": 0.9763304003376733,
        "macro avg": {
          "precision": 0.9788869390985351,
          "recall": 0.9678129040758021,
          "f1-score": 0.9730453762891159,
          "support": 30799.0
        },
        "weighted avg": {
          "precision": 0.9765371137796492,
          "recall": 0.9763304003376733,
          "f1-score": 0.976191996701699,
          "support": 30799.0
        }
      },
      "y_pred": "[0 1 0 ... 1 1 0]",
      "y_pred_proba": "[[1.00000000e+00 1.43826730e-20]\n [1.21002749e-04 9.99878997e-01]\n [9.99920362e-01 7.96378044e-05]\n ...\n [3.22306900e-01 6.77693100e-01]\n [1.73344296e-09 9.99999998e-01]\n [1.00000000e+00 1.49306760e-27]]",
      "auc_roc": 0.9956832935909291,
      "tpr": 0.9423414634146341,
      "fpr": 0.0067156552630298315,
      "g_mean": 0.9674776602104476
    },
    "test": {
      "f1": 0.9766023103111572,
      "f1_score": 0.968583283935981,
      "precision": 0.9891041162227603,
      "recall": 0.9488966318234611,
      "accuracy": 0.9793506493506493,
      "classification_report": {
        "0": {
          "precision": 0.9747223286097281,
          "recall": 0.9947234707836623,
          "f1-score": 0.9846213366863333,
          "support": 5117.0
        },
        "1": {
          "precision": 0.9891041162227603,
          "recall": 0.9488966318234611,
          "f1-score": 0.968583283935981,
          "support": 2583.0
        },
        "accuracy": 0.9793506493506493,
        "macro avg": {
          "precision": 0.9819132224162441,
          "recall": 0.9718100513035617,
          "f1-score": 0.9766023103111572,
          "support": 7700.0
        },
        "weighted avg": {
          "precision": 0.9795467646362817,
          "recall": 0.9793506493506493,
          "f1-score": 0.9792412989909878,
          "support": 7700.0
        }
      },
      "y_pred": "[1 0 0 ... 1 0 0]",
      "y_pred_proba": "[[1.11924727e-07 9.99999888e-01]\n [1.00000000e+00 5.68015370e-22]\n [1.00000000e+00 3.91308584e-30]\n ...\n [8.00652602e-07 9.99999199e-01]\n [1.00000000e+00 3.13700678e-14]\n [9.99999975e-01 2.45264766e-08]]",
      "auc_roc": 0.9969317278811695,
      "tpr": 0.9488966318234611,
      "fpr": 0.005276529216337698,
      "g_mean": 0.971539886480406
    }
  },
  "model_info": {
    "best_params": {},
    "best_cv_score": 0.9634171388451354,
    "trained_model": "GaussianNB()"
  },
  "paths": {
    "plots": {}
  },
  "additional_info": {}
}