{
  "experiment_info": {
    "type": "single_model_grid_search",
    "model_name": "GradientBoosting",
    "n_components": 50,
    "ratio": "x2",
    "version": 1,
    "suffix": "x2_v1_50_GradientBoosting",
    "timestamp": "2025-07-05T11:06:44.145031"
  },
  "pca_info": {
    "n_components": 50,
    "explained_variance_ratio": 0.4669635184410192
  },
  "metrics": {
    "train": {
      "f1": 1.0,
      "f1_score": 1.0,
      "precision": 1.0,
      "recall": 1.0,
      "accuracy": 1.0,
      "classification_report": {
        "0": {
          "precision": 1.0,
          "recall": 1.0,
          "f1-score": 1.0,
          "support": 20549.0
        },
        "1": {
          "precision": 1.0,
          "recall": 1.0,
          "f1-score": 1.0,
          "support": 10250.0
        },
        "accuracy": 1.0,
        "macro avg": {
          "precision": 1.0,
          "recall": 1.0,
          "f1-score": 1.0,
          "support": 30799.0
        },
        "weighted avg": {
          "precision": 1.0,
          "recall": 1.0,
          "f1-score": 1.0,
          "support": 30799.0
        }
      },
      "y_pred": "[0 1 0 ... 0 1 0]",
      "y_pred_proba": "[[9.99876389e-01 1.23610510e-04]\n [1.68319111e-04 9.99831681e-01]\n [9.99744254e-01 2.55746482e-04]\n ...\n [9.97803695e-01 2.19630485e-03]\n [1.68876261e-04 9.99831124e-01]\n [9.99918011e-01 8.19889224e-05]]",
      "auc_roc": 1.0,
      "tpr": 1.0,
      "fpr": 0.0,
      "g_mean": 1.0
    },
    "test": {
      "f1": 0.994159631677551,
      "f1_score": 0.9922178988326849,
      "precision": 0.9972624168947986,
      "recall": 0.9872241579558653,
      "accuracy": 0.9948051948051948,
      "classification_report": {
        "0": {
          "precision": 0.9935835115691231,
          "recall": 0.9986320109439124,
          "f1-score": 0.9961013645224172,
          "support": 5117.0
        },
        "1": {
          "precision": 0.9972624168947986,
          "recall": 0.9872241579558653,
          "f1-score": 0.9922178988326849,
          "support": 2583.0
        },
        "accuracy": 0.9948051948051948,
        "macro avg": {
          "precision": 0.9954229642319607,
          "recall": 0.9929280844498889,
          "f1-score": 0.994159631677551,
          "support": 7700.0
        },
        "weighted avg": {
          "precision": 0.9948176170829179,
          "recall": 0.9948051948051948,
          "f1-score": 0.9947986383046796,
          "support": 7700.0
        }
      },
      "y_pred": "[1 0 0 ... 1 0 0]",
      "y_pred_proba": "[[3.79860305e-04 9.99620140e-01]\n [9.99727147e-01 2.72852624e-04]\n [9.99894188e-01 1.05812421e-04]\n ...\n [7.15842087e-04 9.99284158e-01]\n [9.99778421e-01 2.21578782e-04]\n [9.99394743e-01 6.05256599e-04]]",
      "auc_roc": 0.9992580885634645,
      "tpr": 0.9872241579558653,
      "fpr": 0.0013679890560875513,
      "g_mean": 0.9929117010650426
    }
  },
  "model_info": {
    "best_params": {
      "learning_rate": 0.1,
      "max_depth": 5,
      "n_estimators": 200
    },
    "best_cv_score": 0.9887151708053026,
    "trained_model": "GradientBoostingClassifier(max_depth=5, n_estimators=200, random_state=0)"
  },
  "paths": {
    "plots": {}
  },
  "additional_info": {}
}