{
  "experiment_info": {
    "type": "single_model_grid_search",
    "model_name": "GradientBoosting",
    "n_components": 100,
    "ratio": "x2",
    "version": 1,
    "suffix": "x2_v1_100_GradientBoosting",
    "timestamp": "2025-07-05T12:13:51.094984"
  },
  "pca_info": {
    "n_components": 100,
    "explained_variance_ratio": 0.597787605705246
  },
  "metrics": {
    "train": {
      "f1": 1.0,
      "f1_score": 1.0,
      "precision": 1.0,
      "recall": 1.0,
      "accuracy": 1.0,
      "classification_report": {
        "0": {
          "precision": 1.0,
          "recall": 1.0,
          "f1-score": 1.0,
          "support": 20549.0
        },
        "1": {
          "precision": 1.0,
          "recall": 1.0,
          "f1-score": 1.0,
          "support": 10250.0
        },
        "accuracy": 1.0,
        "macro avg": {
          "precision": 1.0,
          "recall": 1.0,
          "f1-score": 1.0,
          "support": 30799.0
        },
        "weighted avg": {
          "precision": 1.0,
          "recall": 1.0,
          "f1-score": 1.0,
          "support": 30799.0
        }
      },
      "y_pred": "[0 1 0 ... 0 1 0]",
      "y_pred_proba": "[[9.99932457e-01 6.75430976e-05]\n [2.38903983e-04 9.99761096e-01]\n [9.99468006e-01 5.31993783e-04]\n ...\n [9.99098549e-01 9.01450639e-04]\n [1.83959490e-04 9.99816041e-01]\n [9.99629713e-01 3.70287024e-04]]",
      "auc_roc": 1.0,
      "tpr": 1.0,
      "fpr": 0.0,
      "g_mean": 1.0
    },
    "test": {
      "f1": 0.9940142034968693,
      "f1_score": 0.9920248978797899,
      "precision": 0.99687255668491,
      "recall": 0.9872241579558653,
      "accuracy": 0.9946753246753247,
      "classification_report": {
        "0": {
          "precision": 0.9935822637106184,
          "recall": 0.9984365839359,
          "f1-score": 0.9960035091139487,
          "support": 5117.0
        },
        "1": {
          "precision": 0.99687255668491,
          "recall": 0.9872241579558653,
          "f1-score": 0.9920248978797899,
          "support": 2583.0
        },
        "accuracy": 0.9946753246753247,
        "macro avg": {
          "precision": 0.9952274101977643,
          "recall": 0.9928303709458826,
          "f1-score": 0.9940142034968693,
          "support": 7700.0
        },
        "weighted avg": {
          "precision": 0.9946860074447217,
          "recall": 0.9946753246753247,
          "f1-score": 0.9946688658908536,
          "support": 7700.0
        }
      },
      "y_pred": "[1 0 0 ... 1 0 0]",
      "y_pred_proba": "[[4.72088115e-04 9.99527912e-01]\n [9.99575227e-01 4.24772737e-04]\n [9.99860245e-01 1.39755422e-04]\n ...\n [8.16164943e-04 9.99183835e-01]\n [9.99833949e-01 1.66050711e-04]\n [9.98228099e-01 1.77190107e-03]]",
      "auc_roc": 0.9992462857708786,
      "tpr": 0.9872241579558653,
      "fpr": 0.0015634160641000586,
      "g_mean": 0.9928145425246597
    }
  },
  "model_info": {
    "best_params": {
      "learning_rate": 0.1,
      "max_depth": 5,
      "n_estimators": 200
    },
    "best_cv_score": 0.9884826458502374,
    "trained_model": "GradientBoostingClassifier(max_depth=5, n_estimators=200, random_state=0)"
  },
  "paths": {
    "plots": {}
  },
  "additional_info": {}
}