{
  "experiment_info": {
    "type": "single_model_grid_search",
    "model_name": "GradientBoosting",
    "n_components": 500,
    "ratio": "x2",
    "version": 1,
    "suffix": "x2_v1_500_GradientBoosting",
    "timestamp": "2025-07-06T01:18:25.207813"
  },
  "pca_info": {
    "n_components": 500,
    "explained_variance_ratio": 0.9637796696251356
  },
  "metrics": {
    "train": {
      "f1": 1.0,
      "f1_score": 1.0,
      "precision": 1.0,
      "recall": 1.0,
      "accuracy": 1.0,
      "classification_report": {
        "0": {
          "precision": 1.0,
          "recall": 1.0,
          "f1-score": 1.0,
          "support": 20549.0
        },
        "1": {
          "precision": 1.0,
          "recall": 1.0,
          "f1-score": 1.0,
          "support": 10250.0
        },
        "accuracy": 1.0,
        "macro avg": {
          "precision": 1.0,
          "recall": 1.0,
          "f1-score": 1.0,
          "support": 30799.0
        },
        "weighted avg": {
          "precision": 1.0,
          "recall": 1.0,
          "f1-score": 1.0,
          "support": 30799.0
        }
      },
      "y_pred": "[0 1 0 ... 0 1 0]",
      "y_pred_proba": "[[9.99877932e-01 1.22068320e-04]\n [5.78516892e-04 9.99421483e-01]\n [9.99667692e-01 3.32307980e-04]\n ...\n [9.97013890e-01 2.98610953e-03]\n [2.14627393e-04 9.99785373e-01]\n [9.99658430e-01 3.41570427e-04]]",
      "auc_roc": 1.0,
      "tpr": 1.0,
      "fpr": 0.0,
      "g_mean": 1.0
    },
    "test": {
      "f1": 0.9940176825328324,
      "f1_score": 0.9920341946765106,
      "precision": 0.9957098283931357,
      "recall": 0.9883855981416957,
      "accuracy": 0.9946753246753247,
      "classification_report": {
        "0": {
          "precision": 0.9941588785046729,
          "recall": 0.9978503029118624,
          "f1-score": 0.9960011703891544,
          "support": 5117.0
        },
        "1": {
          "precision": 0.9957098283931357,
          "recall": 0.9883855981416957,
          "f1-score": 0.9920341946765106,
          "support": 2583.0
        },
        "accuracy": 0.9946753246753247,
        "macro avg": {
          "precision": 0.9949343534489044,
          "recall": 0.9931179505267791,
          "f1-score": 0.9940176825328324,
          "support": 7700.0
        },
        "weighted avg": {
          "precision": 0.99467915169453,
          "recall": 0.9946753246753247,
          "f1-score": 0.9946704303546402,
          "support": 7700.0
        }
      },
      "y_pred": "[1 0 0 ... 1 0 0]",
      "y_pred_proba": "[[2.69647808e-04 9.99730352e-01]\n [9.99230681e-01 7.69318577e-04]\n [9.99924607e-01 7.53927252e-05]\n ...\n [9.58707565e-04 9.99041292e-01]\n [9.99670687e-01 3.29312670e-04]\n [9.95692382e-01 4.30761803e-03]]",
      "auc_roc": 0.9992494634458057,
      "tpr": 0.9883855981416957,
      "fpr": 0.0021496970881375805,
      "g_mean": 0.9931066752869065
    }
  },
  "model_info": {
    "best_params": {
      "learning_rate": 0.1,
      "max_depth": 5,
      "n_estimators": 200
    },
    "best_cv_score": 0.9879633555419274,
    "trained_model": "GradientBoostingClassifier(max_depth=5, n_estimators=200, random_state=0)"
  },
  "paths": {
    "plots": {}
  },
  "additional_info": {}
}