{
  "experiment_info": {
    "type": "single_model_grid_search",
    "model_name": "XGBoost",
    "n_components": 500,
    "ratio": "x2",
    "version": 1,
    "suffix": "x2_v1_500_XGBoost",
    "timestamp": "2025-07-05T05:34:11.567824"
  },
  "pca_info": {
    "n_components": 500,
    "explained_variance_ratio": 0.9637819540059822
  },
  "metrics": {
    "train": {
      "f1": 1.0,
      "f1_score": 1.0,
      "precision": 1.0,
      "recall": 1.0,
      "accuracy": 1.0,
      "classification_report": {
        "0": {
          "precision": 1.0,
          "recall": 1.0,
          "f1-score": 1.0,
          "support": 20549.0
        },
        "1": {
          "precision": 1.0,
          "recall": 1.0,
          "f1-score": 1.0,
          "support": 10250.0
        },
        "accuracy": 1.0,
        "macro avg": {
          "precision": 1.0,
          "recall": 1.0,
          "f1-score": 1.0,
          "support": 30799.0
        },
        "weighted avg": {
          "precision": 1.0,
          "recall": 1.0,
          "f1-score": 1.0,
          "support": 30799.0
        }
      },
      "y_pred": "[0 1 0 ... 0 1 0]",
      "y_pred_proba": "[[9.9999565e-01 4.3476489e-06]\n [3.5762787e-07 9.9999964e-01]\n [9.9999499e-01 5.0249510e-06]\n ...\n [9.9799299e-01 2.0069783e-03]\n [0.0000000e+00 1.0000000e+00]\n [9.9992806e-01 7.1965733e-05]]",
      "auc_roc": 1.0,
      "tpr": 1.0,
      "fpr": 0.0,
      "g_mean": 1.0
    },
    "test": {
      "f1": 0.9959133279794644,
      "f1_score": 0.994556765163297,
      "precision": 0.9988285825849278,
      "recall": 0.9903213317847465,
      "accuracy": 0.9963636363636363,
      "classification_report": {
        "0": {
          "precision": 0.9951352403191283,
          "recall": 0.9994137189759624,
          "f1-score": 0.9972698907956318,
          "support": 5117.0
        },
        "1": {
          "precision": 0.9988285825849278,
          "recall": 0.9903213317847465,
          "f1-score": 0.994556765163297,
          "support": 2583.0
        },
        "accuracy": 0.9963636363636363,
        "macro avg": {
          "precision": 0.996981911452028,
          "recall": 0.9948675253803545,
          "f1-score": 0.9959133279794644,
          "support": 7700.0
        },
        "weighted avg": {
          "precision": 0.9963741887701102,
          "recall": 0.9963636363636363,
          "f1-score": 0.9963597604698758,
          "support": 7700.0
        }
      },
      "y_pred": "[1 0 0 ... 1 0 0]",
      "y_pred_proba": "[[1.6689301e-06 9.9999833e-01]\n [9.9999791e-01 2.0981040e-06]\n [9.9999923e-01 7.7285949e-07]\n ...\n [4.5299530e-06 9.9999547e-01]\n [9.9995059e-01 4.9390557e-05]\n [9.9936563e-01 6.3437811e-04]]",
      "auc_roc": 0.9993453989650312,
      "tpr": 0.9903213317847465,
      "fpr": 0.000586281024037522,
      "g_mean": 0.9948571380757246
    }
  },
  "model_info": {
    "best_params": {
      "learning_rate": 0.2,
      "max_depth": 3,
      "n_estimators": 300
    },
    "best_cv_score": 0.9903712161185758,
    "trained_model": "XGBClassifier(base_score=None, booster=None, callbacks=None,\n              colsample_bylevel=None, colsample_bynode=None,\n              colsample_bytree=None, device=None, early_stopping_rounds=None,\n              enable_categorical=False, eval_metric='logloss',\n              feature_types=None, feature_weights=None, gamma=None,\n              grow_policy=None, importance_type=None,\n              interaction_constraints=None, learning_rate=0.2, max_bin=None,\n              max_cat_threshold=None, max_cat_to_onehot=None,\n              max_delta_step=None, max_depth=3, max_leaves=None,\n              min_child_weight=None, missing=nan, monotone_constraints=None,\n              multi_strategy=None, n_estimators=300, n_jobs=-1,\n              num_parallel_tree=None, ...)"
  },
  "paths": {
    "plots": {}
  },
  "additional_info": {}
}