{
  "experiment_info": {
    "type": "single_model_grid_search",
    "model_name": "XGBoost",
    "n_components": 200,
    "ratio": "x2",
    "version": 1,
    "suffix": "x2_v1_200_XGBoost",
    "timestamp": "2025-07-04T19:40:06.090350"
  },
  "pca_info": {
    "n_components": 200,
    "explained_variance_ratio": 0.7482720870582513
  },
  "metrics": {
    "train": {
      "f1": 1.0,
      "f1_score": 1.0,
      "precision": 1.0,
      "recall": 1.0,
      "accuracy": 1.0,
      "classification_report": {
        "0": {
          "precision": 1.0,
          "recall": 1.0,
          "f1-score": 1.0,
          "support": 20549.0
        },
        "1": {
          "precision": 1.0,
          "recall": 1.0,
          "f1-score": 1.0,
          "support": 10250.0
        },
        "accuracy": 1.0,
        "macro avg": {
          "precision": 1.0,
          "recall": 1.0,
          "f1-score": 1.0,
          "support": 30799.0
        },
        "weighted avg": {
          "precision": 1.0,
          "recall": 1.0,
          "f1-score": 1.0,
          "support": 30799.0
        }
      },
      "y_pred": "[0 1 0 ... 0 1 0]",
      "y_pred_proba": "[[9.9999988e-01 1.1170179e-07]\n [1.4305115e-06 9.9999857e-01]\n [9.9996972e-01 3.0274305e-05]\n ...\n [9.9967653e-01 3.2345313e-04]\n [4.7683716e-07 9.9999952e-01]\n [9.9997032e-01 2.9672348e-05]]",
      "auc_roc": 1.0,
      "tpr": 1.0,
      "fpr": 0.0,
      "g_mean": 1.0
    },
    "test": {
      "f1": 0.9951858952072261,
      "f1_score": 0.9935909885414643,
      "precision": 0.9968823070927514,
      "recall": 0.9903213317847465,
      "accuracy": 0.9957142857142857,
      "classification_report": {
        "0": {
          "precision": 0.9951305025321386,
          "recall": 0.9984365839359,
          "f1-score": 0.996780801872988,
          "support": 5117.0
        },
        "1": {
          "precision": 0.9968823070927514,
          "recall": 0.9903213317847465,
          "f1-score": 0.9935909885414643,
          "support": 2583.0
        },
        "accuracy": 0.9957142857142857,
        "macro avg": {
          "precision": 0.9960064048124451,
          "recall": 0.9943789578603233,
          "f1-score": 0.9951858952072261,
          "support": 7700.0
        },
        "weighted avg": {
          "precision": 0.9957181533347442,
          "recall": 0.9957142857142857,
          "f1-score": 0.9957107644917769,
          "support": 7700.0
        }
      },
      "y_pred": "[1 0 0 ... 1 0 0]",
      "y_pred_proba": "[[5.1259995e-06 9.9999487e-01]\n [9.9999917e-01 8.3090492e-07]\n [9.9999684e-01 3.1412008e-06]\n ...\n [8.6069107e-05 9.9991393e-01]\n [9.9997956e-01 2.0425461e-05]\n [9.9984479e-01 1.5520035e-04]]",
      "auc_roc": 0.9995393127945071,
      "tpr": 0.9903213317847465,
      "fpr": 0.0015634160641000586,
      "g_mean": 0.9943706791262569
    }
  },
  "model_info": {
    "best_params": {
      "learning_rate": 0.2,
      "max_depth": 3,
      "n_estimators": 300
    },
    "best_cv_score": 0.989892235448465,
    "trained_model": "XGBClassifier(base_score=None, booster=None, callbacks=None,\n              colsample_bylevel=None, colsample_bynode=None,\n              colsample_bytree=None, device=None, early_stopping_rounds=None,\n              enable_categorical=False, eval_metric='logloss',\n              feature_types=None, feature_weights=None, gamma=None,\n              grow_policy=None, importance_type=None,\n              interaction_constraints=None, learning_rate=0.2, max_bin=None,\n              max_cat_threshold=None, max_cat_to_onehot=None,\n              max_delta_step=None, max_depth=3, max_leaves=None,\n              min_child_weight=None, missing=nan, monotone_constraints=None,\n              multi_strategy=None, n_estimators=300, n_jobs=-1,\n              num_parallel_tree=None, ...)"
  },
  "paths": {
    "plots": {}
  },
  "additional_info": {}
}