{
  "experiment_info": {
    "type": "single_model_grid_search",
    "model_name": "XGBoost",
    "n_components": 50,
    "ratio": "x2",
    "version": 1,
    "suffix": "x2_v1_50_XGBoost",
    "timestamp": "2025-07-04T16:11:22.983248"
  },
  "pca_info": {
    "n_components": 50,
    "explained_variance_ratio": 0.46690872228810465
  },
  "metrics": {
    "train": {
      "f1": 1.0,
      "f1_score": 1.0,
      "precision": 1.0,
      "recall": 1.0,
      "accuracy": 1.0,
      "classification_report": {
        "0": {
          "precision": 1.0,
          "recall": 1.0,
          "f1-score": 1.0,
          "support": 20549.0
        },
        "1": {
          "precision": 1.0,
          "recall": 1.0,
          "f1-score": 1.0,
          "support": 10250.0
        },
        "accuracy": 1.0,
        "macro avg": {
          "precision": 1.0,
          "recall": 1.0,
          "f1-score": 1.0,
          "support": 30799.0
        },
        "weighted avg": {
          "precision": 1.0,
          "recall": 1.0,
          "f1-score": 1.0,
          "support": 30799.0
        }
      },
      "y_pred": "[0 1 0 ... 0 1 0]",
      "y_pred_proba": "[[9.9999857e-01 1.4187884e-06]\n [2.3841858e-07 9.9999976e-01]\n [9.9996096e-01 3.9014958e-05]\n ...\n [9.9975896e-01 2.4107071e-04]\n [1.1920929e-07 9.9999988e-01]\n [9.9996746e-01 3.2517328e-05]]",
      "auc_roc": 1.0,
      "tpr": 1.0,
      "fpr": 0.0,
      "g_mean": 1.0
    },
    "test": {
      "f1": 0.9948941312803914,
      "f1_score": 0.9932025636045834,
      "precision": 0.9964925954793453,
      "recall": 0.9899341850561363,
      "accuracy": 0.9954545454545455,
      "classification_report": {
        "0": {
          "precision": 0.9949357226334242,
          "recall": 0.9982411569278874,
          "f1-score": 0.9965856989561994,
          "support": 5117.0
        },
        "1": {
          "precision": 0.9964925954793453,
          "recall": 0.9899341850561363,
          "f1-score": 0.9932025636045834,
          "support": 2583.0
        },
        "accuracy": 0.9954545454545455,
        "macro avg": {
          "precision": 0.9957141590563847,
          "recall": 0.9940876709920119,
          "f1-score": 0.9948941312803914,
          "support": 7700.0
        },
        "weighted avg": {
          "precision": 0.9954579827062832,
          "recall": 0.9954545454545455,
          "f1-score": 0.9954508108246118,
          "support": 7700.0
        }
      },
      "y_pred": "[1 0 0 ... 1 0 0]",
      "y_pred_proba": "[[2.1815300e-05 9.9997818e-01]\n [9.9999809e-01 1.9238569e-06]\n [9.9999911e-01 8.7238681e-07]\n ...\n [1.0251999e-05 9.9998975e-01]\n [9.9999595e-01 4.0801051e-06]\n [9.9998790e-01 1.2124717e-05]]",
      "auc_roc": 0.9996358535851474,
      "tpr": 0.9899341850561363,
      "fpr": 0.0017588430721125659,
      "g_mean": 0.994078993930011
    }
  },
  "model_info": {
    "best_params": {
      "learning_rate": 0.2,
      "max_depth": 3,
      "n_estimators": 300
    },
    "best_cv_score": 0.9912214337221513,
    "trained_model": "XGBClassifier(base_score=None, booster=None, callbacks=None,\n              colsample_bylevel=None, colsample_bynode=None,\n              colsample_bytree=None, device=None, early_stopping_rounds=None,\n              enable_categorical=False, eval_metric='logloss',\n              feature_types=None, feature_weights=None, gamma=None,\n              grow_policy=None, importance_type=None,\n              interaction_constraints=None, learning_rate=0.2, max_bin=None,\n              max_cat_threshold=None, max_cat_to_onehot=None,\n              max_delta_step=None, max_depth=3, max_leaves=None,\n              min_child_weight=None, missing=nan, monotone_constraints=None,\n              multi_strategy=None, n_estimators=300, n_jobs=-1,\n              num_parallel_tree=None, ...)"
  },
  "paths": {
    "plots": {}
  },
  "additional_info": {}
}