{
  "experiment_info": {
    "type": "single_model_grid_search",
    "model_name": "RandomForest",
    "n_components": 50,
    "ratio": "x2",
    "version": 1,
    "suffix": "x2_v1_50_RandomForest",
    "timestamp": "2025-07-05T11:14:03.126900"
  },
  "pca_info": {
    "n_components": 50,
    "explained_variance_ratio": 0.4669635184410192
  },
  "metrics": {
    "train": {
      "f1": 1.0,
      "f1_score": 1.0,
      "precision": 1.0,
      "recall": 1.0,
      "accuracy": 1.0,
      "classification_report": {
        "0": {
          "precision": 1.0,
          "recall": 1.0,
          "f1-score": 1.0,
          "support": 20549.0
        },
        "1": {
          "precision": 1.0,
          "recall": 1.0,
          "f1-score": 1.0,
          "support": 10250.0
        },
        "accuracy": 1.0,
        "macro avg": {
          "precision": 1.0,
          "recall": 1.0,
          "f1-score": 1.0,
          "support": 30799.0
        },
        "weighted avg": {
          "precision": 1.0,
          "recall": 1.0,
          "f1-score": 1.0,
          "support": 30799.0
        }
      },
      "y_pred": "[0 1 0 ... 0 1 0]",
      "y_pred_proba": "[[0.99  0.01 ]\n [0.01  0.99 ]\n [0.995 0.005]\n ...\n [1.    0.   ]\n [0.    1.   ]\n [0.995 0.005]]",
      "auc_roc": 1.0,
      "tpr": 1.0,
      "fpr": 0.0,
      "g_mean": 1.0
    },
    "test": {
      "f1": 0.9919482759528693,
      "f1_score": 0.9892431058087229,
      "precision": 0.999604743083004,
      "recall": 0.9790940766550522,
      "accuracy": 0.9928571428571429,
      "classification_report": {
        "0": {
          "precision": 0.9895551257253384,
          "recall": 0.9998045729919874,
          "f1-score": 0.9946534460970157,
          "support": 5117.0
        },
        "1": {
          "precision": 0.999604743083004,
          "recall": 0.9790940766550522,
          "f1-score": 0.9892431058087229,
          "support": 2583.0
        },
        "accuracy": 0.9928571428571429,
        "macro avg": {
          "precision": 0.9945799344041713,
          "recall": 0.9894493248235199,
          "f1-score": 0.9919482759528693,
          "support": 7700.0
        },
        "weighted avg": {
          "precision": 0.9929263155480461,
          "recall": 0.9928571428571429,
          "f1-score": 0.992838522854852,
          "support": 7700.0
        }
      },
      "y_pred": "[1 0 0 ... 1 0 0]",
      "y_pred_proba": "[[0.17  0.83 ]\n [0.985 0.015]\n [0.965 0.035]\n ...\n [0.025 0.975]\n [0.985 0.015]\n [0.97  0.03 ]]",
      "auc_roc": 0.9986460078453767,
      "tpr": 0.9790940766550522,
      "fpr": 0.00019542700801250732,
      "g_mean": 0.9893951360447901
    }
  },
  "model_info": {
    "best_params": {
      "max_depth": null,
      "min_samples_split": 2,
      "n_estimators": 200
    },
    "best_cv_score": 0.9846474363945944,
    "trained_model": "RandomForestClassifier(n_estimators=200, n_jobs=-1, random_state=0)"
  },
  "paths": {
    "plots": {}
  },
  "additional_info": {}
}