{
  "experiment_info": {
    "type": "single_model_grid_search",
    "model_name": "RandomForest",
    "n_components": 20,
    "ratio": "x2",
    "version": 1,
    "suffix": "x2_v1_20_RandomForest",
    "timestamp": "2025-07-05T10:36:22.978565"
  },
  "pca_info": {
    "n_components": 20,
    "explained_variance_ratio": 0.33436801796327453
  },
  "metrics": {
    "train": {
      "f1": 0.999890323096416,
      "f1_score": 0.999853637117627,
      "precision": 1.0,
      "recall": 0.9997073170731707,
      "accuracy": 0.9999025942400728,
      "classification_report": {
        "0": {
          "precision": 0.9998540288049825,
          "recall": 1.0,
          "f1-score": 0.9999270090752049,
          "support": 20549.0
        },
        "1": {
          "precision": 1.0,
          "recall": 0.9997073170731707,
          "f1-score": 0.999853637117627,
          "support": 10250.0
        },
        "accuracy": 0.9999025942400728,
        "macro avg": {
          "precision": 0.9999270144024912,
          "recall": 0.9998536585365854,
          "f1-score": 0.999890323096416,
          "support": 30799.0
        },
        "weighted avg": {
          "precision": 0.999902608458508,
          "recall": 0.9999025942400728,
          "f1-score": 0.9999025906666471,
          "support": 30799.0
        }
      },
      "y_pred": "[0 1 0 ... 0 1 0]",
      "y_pred_proba": "[[9.89644384e-01 1.03556163e-02]\n [1.37641993e-06 9.99998624e-01]\n [9.99988111e-01 1.18892284e-05]\n ...\n [9.94779224e-01 5.22077555e-03]\n [1.35402709e-05 9.99986460e-01]\n [1.00000000e+00 0.00000000e+00]]",
      "auc_roc": 1.0,
      "tpr": 0.9997073170731707,
      "fpr": 0.0,
      "g_mean": 0.9998536478271061
    },
    "test": {
      "f1": 0.992685280885214,
      "f1_score": 0.990234375,
      "precision": 0.9992116673236106,
      "recall": 0.9814169570267132,
      "accuracy": 0.9935064935064936,
      "classification_report": {
        "0": {
          "precision": 0.9907030796048809,
          "recall": 0.999609145983975,
          "f1-score": 0.995136186770428,
          "support": 5117.0
        },
        "1": {
          "precision": 0.9992116673236106,
          "recall": 0.9814169570267132,
          "f1-score": 0.990234375,
          "support": 2583.0
        },
        "accuracy": 0.9935064935064936,
        "macro avg": {
          "precision": 0.9949573734642457,
          "recall": 0.9905130515053441,
          "f1-score": 0.992685280885214,
          "support": 7700.0
        },
        "weighted avg": {
          "precision": 0.9935573240305274,
          "recall": 0.9935064935064936,
          "f1-score": 0.9934918517310753,
          "support": 7700.0
        }
      },
      "y_pred": "[1 0 0 ... 1 0 0]",
      "y_pred_proba": "[[1.25000000e-01 8.75000000e-01]\n [1.00000000e+00 0.00000000e+00]\n [9.99918951e-01 8.10488310e-05]\n ...\n [1.50567885e-02 9.84943211e-01]\n [9.99990301e-01 9.69932105e-06]\n [9.83989249e-01 1.60107510e-02]]",
      "auc_roc": 0.9990334572096942,
      "tpr": 0.9814169570267132,
      "fpr": 0.00039085401602501464,
      "g_mean": 0.990471284928374
    }
  },
  "model_info": {
    "best_params": {
      "max_depth": 20,
      "min_samples_split": 2,
      "n_estimators": 200
    },
    "best_cv_score": 0.9860405743139837,
    "trained_model": "RandomForestClassifier(max_depth=20, n_estimators=200, n_jobs=-1,\n                       random_state=0)"
  },
  "paths": {
    "plots": {}
  },
  "additional_info": {}
}