{
  "experiment_info": {
    "type": "single_model_grid_search",
    "model_name": "RandomForest",
    "n_components": 200,
    "ratio": "x2",
    "version": 1,
    "suffix": "x2_v1_200_RandomForest",
    "timestamp": "2025-07-05T15:06:12.149276"
  },
  "pca_info": {
    "n_components": 200,
    "explained_variance_ratio": 0.7484760763533455
  },
  "metrics": {
    "train": {
      "f1": 1.0,
      "f1_score": 1.0,
      "precision": 1.0,
      "recall": 1.0,
      "accuracy": 1.0,
      "classification_report": {
        "0": {
          "precision": 1.0,
          "recall": 1.0,
          "f1-score": 1.0,
          "support": 20549.0
        },
        "1": {
          "precision": 1.0,
          "recall": 1.0,
          "f1-score": 1.0,
          "support": 10250.0
        },
        "accuracy": 1.0,
        "macro avg": {
          "precision": 1.0,
          "recall": 1.0,
          "f1-score": 1.0,
          "support": 30799.0
        },
        "weighted avg": {
          "precision": 1.0,
          "recall": 1.0,
          "f1-score": 1.0,
          "support": 30799.0
        }
      },
      "y_pred": "[0 1 0 ... 0 1 0]",
      "y_pred_proba": "[[1.   0.  ]\n [0.06 0.94]\n [1.   0.  ]\n ...\n [1.   0.  ]\n [0.   1.  ]\n [0.96 0.04]]",
      "auc_roc": 1.0,
      "tpr": 1.0,
      "fpr": 0.0,
      "g_mean": 1.0
    },
    "test": {
      "f1": 0.9860371108207313,
      "f1_score": 0.9812734082397003,
      "precision": 0.9995983935742971,
      "recall": 0.9636082075106466,
      "accuracy": 0.9876623376623377,
      "classification_report": {
        "0": {
          "precision": 0.981957773512476,
          "recall": 0.9998045729919874,
          "f1-score": 0.9908008134017624,
          "support": 5117.0
        },
        "1": {
          "precision": 0.9995983935742971,
          "recall": 0.9636082075106466,
          "f1-score": 0.9812734082397003,
          "support": 2583.0
        },
        "accuracy": 0.9876623376623377,
        "macro avg": {
          "precision": 0.9907780835433866,
          "recall": 0.981706390251317,
          "f1-score": 0.9860371108207313,
          "support": 7700.0
        },
        "weighted avg": {
          "precision": 0.9878753996968506,
          "recall": 0.9876623376623377,
          "f1-score": 0.9876048020337614,
          "support": 7700.0
        }
      },
      "y_pred": "[1 0 0 ... 1 0 0]",
      "y_pred_proba": "[[0.22 0.78]\n [0.94 0.06]\n [0.95 0.05]\n ...\n [0.1  0.9 ]\n [0.97 0.03]\n [0.97 0.03]]",
      "auc_roc": 0.9981344400115879,
      "tpr": 0.9636082075106466,
      "fpr": 0.00019542700801250732,
      "g_mean": 0.9815395521535322
    }
  },
  "model_info": {
    "best_params": {
      "max_depth": null,
      "min_samples_split": 2,
      "n_estimators": 100
    },
    "best_cv_score": 0.978738528211843,
    "trained_model": "RandomForestClassifier(n_jobs=-1, random_state=0)"
  },
  "paths": {
    "plots": {}
  },
  "additional_info": {}
}