{
  "experiment_info": {
    "type": "single_model_grid_search",
    "model_name": "GaussianNB",
    "n_components": 500,
    "ratio": "x2",
    "version": 1,
    "suffix": "x2_v1_500_GaussianNB",
    "timestamp": "2025-07-05T05:57:24.164181"
  },
  "pca_info": {
    "n_components": 500,
    "explained_variance_ratio": 0.9637819540059822
  },
  "metrics": {
    "train": {
      "f1": 0.959710520667324,
      "f1_score": 0.9458965363901378,
      "precision": 0.9582540794874361,
      "recall": 0.9338536585365854,
      "accuracy": 0.9644468976265463,
      "classification_report": {
        "0": {
          "precision": 0.9674195098510332,
          "recall": 0.9797070417051925,
          "f1-score": 0.9735245049445103,
          "support": 20549.0
        },
        "1": {
          "precision": 0.9582540794874361,
          "recall": 0.9338536585365854,
          "f1-score": 0.9458965363901378,
          "support": 10250.0
        },
        "accuracy": 0.9644468976265463,
        "macro avg": {
          "precision": 0.9628367946692347,
          "recall": 0.9567803501208889,
          "f1-score": 0.959710520667324,
          "support": 30799.0
        },
        "weighted avg": {
          "precision": 0.9643692270098089,
          "recall": 0.9644468976265463,
          "f1-score": 0.9643298337642019,
          "support": 30799.0
        }
      },
      "y_pred": "[0 1 0 ... 1 1 0]",
      "y_pred_proba": "[[1.00000000e+00 1.97435954e-19]\n [1.75529075e-04 9.99824471e-01]\n [9.84727335e-01 1.52726648e-02]\n ...\n [1.53415233e-02 9.84658477e-01]\n [2.01545969e-14 1.00000000e+00]\n [1.00000000e+00 6.97165619e-27]]",
      "auc_roc": 0.9904755391337067,
      "tpr": 0.9338536585365854,
      "fpr": 0.020292958294807532,
      "g_mean": 0.9565056221426245
    },
    "test": {
      "f1": 0.9608921373758665,
      "f1_score": 0.947534516765286,
      "precision": 0.9658222758343386,
      "recall": 0.9299264421215641,
      "accuracy": 0.9654545454545455,
      "classification_report": {
        "0": {
          "precision": 0.9652791099175139,
          "recall": 0.9833887043189369,
          "f1-score": 0.9742497579864472,
          "support": 5117.0
        },
        "1": {
          "precision": 0.9658222758343386,
          "recall": 0.9299264421215641,
          "f1-score": 0.947534516765286,
          "support": 2583.0
        },
        "accuracy": 0.9654545454545455,
        "macro avg": {
          "precision": 0.9655506928759262,
          "recall": 0.9566575732202505,
          "f1-score": 0.9608921373758665,
          "support": 7700.0
        },
        "weighted avg": {
          "precision": 0.9654613173932487,
          "recall": 0.9654545454545455,
          "f1-score": 0.9652880088858939,
          "support": 7700.0
        }
      },
      "y_pred": "[1 0 0 ... 1 0 0]",
      "y_pred_proba": "[[5.19362185e-07 9.99999481e-01]\n [1.00000000e+00 6.34004959e-12]\n [1.00000000e+00 2.17788700e-47]\n ...\n [2.38921949e-11 1.00000000e+00]\n [1.00000000e+00 8.97370099e-21]\n [9.99997944e-01 2.05622568e-06]]",
      "auc_roc": 0.9919534461544119,
      "tpr": 0.9299264421215641,
      "fpr": 0.016611295681063124,
      "g_mean": 0.956284036795472
    }
  },
  "model_info": {
    "best_params": {},
    "best_cv_score": 0.9452418985716766,
    "trained_model": "GaussianNB()"
  },
  "paths": {
    "plots": {}
  },
  "additional_info": {}
}