{
  "experiment_info": {
    "type": "single_model_grid_search",
    "model_name": "GaussianNB",
    "n_components": 20,
    "ratio": "x2",
    "version": 1,
    "suffix": "x2_v1_20_GaussianNB",
    "timestamp": "2025-07-04T15:42:07.282836"
  },
  "pca_info": {
    "n_components": 20,
    "explained_variance_ratio": 0.3343251180665613
  },
  "metrics": {
    "train": {
      "f1": 0.9824825331534512,
      "f1_score": 0.9763779527559056,
      "precision": 0.9979625101874491,
      "recall": 0.9557073170731707,
      "accuracy": 0.9846098899314912,
      "classification_report": {
        "0": {
          "precision": 0.9783634370681028,
          "recall": 0.9990267166285464,
          "f1-score": 0.9885871135509968,
          "support": 20549.0
        },
        "1": {
          "precision": 0.9979625101874491,
          "recall": 0.9557073170731707,
          "f1-score": 0.9763779527559056,
          "support": 10250.0
        },
        "accuracy": 0.9846098899314912,
        "macro avg": {
          "precision": 0.9881629736277759,
          "recall": 0.9773670168508586,
          "f1-score": 0.9824825331534512,
          "support": 30799.0
        },
        "weighted avg": {
          "precision": 0.9848860676558913,
          "recall": 0.9846098899314912,
          "f1-score": 0.9845238680511531,
          "support": 30799.0
        }
      },
      "y_pred": "[0 1 0 ... 0 1 0]",
      "y_pred_proba": "[[9.99999998e-01 1.80282546e-09]\n [1.15383874e-03 9.98846161e-01]\n [9.99998321e-01 1.67881401e-06]\n ...\n [9.99999998e-01 1.75514844e-09]\n [8.92363330e-04 9.99107637e-01]\n [1.00000000e+00 1.53382554e-13]]",
      "auc_roc": 0.9980888037991286,
      "tpr": 0.9557073170731707,
      "fpr": 0.0009732833714535987,
      "g_mean": 0.9771269840882949
    },
    "test": {
      "f1": 0.9850007379316097,
      "f1_score": 0.9798737174427782,
      "precision": 0.999195171026157,
      "recall": 0.9612853271389856,
      "accuracy": 0.9867532467532467,
      "classification_report": {
        "0": {
          "precision": 0.9808245445829339,
          "recall": 0.999609145983975,
          "f1-score": 0.9901277584204413,
          "support": 5117.0
        },
        "1": {
          "precision": 0.999195171026157,
          "recall": 0.9612853271389856,
          "f1-score": 0.9798737174427782,
          "support": 2583.0
        },
        "accuracy": 0.9867532467532467,
        "macro avg": {
          "precision": 0.9900098578045454,
          "recall": 0.9804472365614803,
          "f1-score": 0.9850007379316097,
          "support": 7700.0
        },
        "weighted avg": {
          "precision": 0.9869870547261606,
          "recall": 0.9867532467532467,
          "f1-score": 0.9866879937652071,
          "support": 7700.0
        }
      },
      "y_pred": "[1 0 0 ... 1 0 0]",
      "y_pred_proba": "[[1.70599600e-02 9.82940040e-01]\n [1.00000000e+00 4.83493314e-21]\n [9.99999993e-01 7.01753121e-09]\n ...\n [4.48727277e-02 9.55127272e-01]\n [1.00000000e+00 5.62447891e-12]\n [9.99999987e-01 1.31197794e-08]]",
      "auc_roc": 0.998201209014519,
      "tpr": 0.9612853271389856,
      "fpr": 0.00039085401602501464,
      "g_mean": 0.9802599680229359
    }
  },
  "model_info": {
    "best_params": {},
    "best_cv_score": 0.9755641443767329,
    "trained_model": "GaussianNB()"
  },
  "paths": {
    "plots": {}
  },
  "additional_info": {}
}