{
  "experiment_info": {
    "type": "single_model_grid_search",
    "model_name": "GaussianNB",
    "n_components": 100,
    "ratio": "x2",
    "version": 1,
    "suffix": "x2_v1_100_GaussianNB",
    "timestamp": "2025-07-04T17:30:06.235699"
  },
  "pca_info": {
    "n_components": 100,
    "explained_variance_ratio": 0.5977774509708543
  },
  "metrics": {
    "train": {
      "f1": 0.9785415290890592,
      "f1_score": 0.9709876233902891,
      "precision": 0.9981456680745854,
      "recall": 0.9452682926829268,
      "accuracy": 0.9812006883340368,
      "classification_report": {
        "0": {
          "precision": 0.9734022378152855,
          "recall": 0.9991240449656917,
          "f1-score": 0.9860954347878294,
          "support": 20549.0
        },
        "1": {
          "precision": 0.9981456680745854,
          "recall": 0.9452682926829268,
          "f1-score": 0.9709876233902891,
          "support": 10250.0
        },
        "accuracy": 0.9812006883340368,
        "macro avg": {
          "precision": 0.9857739529449354,
          "recall": 0.9721961688243093,
          "f1-score": 0.9785415290890592,
          "support": 30799.0
        },
        "weighted avg": {
          "precision": 0.981636925959635,
          "recall": 0.9812006883340368,
          "f1-score": 0.9810675096336104,
          "support": 30799.0
        }
      },
      "y_pred": "[0 1 0 ... 0 1 0]",
      "y_pred_proba": "[[1.00000000e+00 5.18471289e-14]\n [2.84420141e-03 9.97155799e-01]\n [9.99997272e-01 2.72838928e-06]\n ...\n [9.99982464e-01 1.75360604e-05]\n [4.53849342e-07 9.99999546e-01]\n [1.00000000e+00 2.11305641e-20]]",
      "auc_roc": 0.9975334340642059,
      "tpr": 0.9452682926829268,
      "fpr": 0.0008759550343082389,
      "g_mean": 0.971823173300153
    },
    "test": {
      "f1": 0.9818742361356997,
      "f1_score": 0.9756290865860907,
      "precision": 0.9991883116883117,
      "recall": 0.9531552458381727,
      "accuracy": 0.984025974025974,
      "classification_report": {
        "0": {
          "precision": 0.976890756302521,
          "recall": 0.999609145983975,
          "f1-score": 0.9881193856853087,
          "support": 5117.0
        },
        "1": {
          "precision": 0.9991883116883117,
          "recall": 0.9531552458381727,
          "f1-score": 0.9756290865860907,
          "support": 2583.0
        },
        "accuracy": 0.984025974025974,
        "macro avg": {
          "precision": 0.9880395339954163,
          "recall": 0.9763821959110739,
          "f1-score": 0.9818742361356997,
          "support": 7700.0
        },
        "weighted avg": {
          "precision": 0.984370572609209,
          "recall": 0.984025974025974,
          "f1-score": 0.9839294580783892,
          "support": 7700.0
        }
      },
      "y_pred": "[1 0 0 ... 1 0 0]",
      "y_pred_proba": "[[1.88579640e-06 9.99998114e-01]\n [1.00000000e+00 6.89920054e-22]\n [1.00000000e+00 2.96386580e-19]\n ...\n [3.34157756e-04 9.99665842e-01]\n [1.00000000e+00 1.20445623e-12]\n [1.00000000e+00 2.53215580e-10]]",
      "auc_roc": 0.9980088840225068,
      "tpr": 0.9531552458381727,
      "fpr": 0.00039085401602501464,
      "g_mean": 0.9761058863066249
    }
  },
  "model_info": {
    "best_params": {},
    "best_cv_score": 0.9698069486339348,
    "trained_model": "GaussianNB()"
  },
  "paths": {
    "plots": {}
  },
  "additional_info": {}
}