{
  "experiment_info": {
    "type": "single_model_grid_search",
    "model_name": "GaussianNB",
    "n_components": 50,
    "ratio": "x2",
    "version": 1,
    "suffix": "x2_v1_50_GaussianNB",
    "timestamp": "2025-07-04T16:18:02.036584"
  },
  "pca_info": {
    "n_components": 50,
    "explained_variance_ratio": 0.46690872228810465
  },
  "metrics": {
    "train": {
      "f1": 0.9811326171771944,
      "f1_score": 0.9745331069609507,
      "precision": 0.9981587561374795,
      "recall": 0.952,
      "accuracy": 0.9834410208123641,
      "classification_report": {
        "0": {
          "precision": 0.9765970603624602,
          "recall": 0.9991240449656917,
          "f1-score": 0.9877321273934379,
          "support": 20549.0
        },
        "1": {
          "precision": 0.9981587561374795,
          "recall": 0.952,
          "f1-score": 0.9745331069609507,
          "support": 10250.0
        },
        "accuracy": 0.9834410208123641,
        "macro avg": {
          "precision": 0.9873779082499698,
          "recall": 0.9755620224828458,
          "f1-score": 0.9811326171771944,
          "support": 30799.0
        },
        "weighted avg": {
          "precision": 0.9837728576836053,
          "recall": 0.9834410208123641,
          "f1-score": 0.9833394536237378,
          "support": 30799.0
        }
      },
      "y_pred": "[0 1 0 ... 0 1 0]",
      "y_pred_proba": "[[1.00000000e+00 2.56162905e-12]\n [6.92442899e-05 9.99930756e-01]\n [9.99995320e-01 4.67952748e-06]\n ...\n [9.99999987e-01 1.31984608e-08]\n [1.70989651e-05 9.99982901e-01]\n [1.00000000e+00 4.06955898e-20]]",
      "auc_roc": 0.9977421250099405,
      "tpr": 0.952,
      "fpr": 0.0008759550343082389,
      "g_mean": 0.975277442991141
    },
    "test": {
      "f1": 0.9829179101160779,
      "f1_score": 0.9770478828650574,
      "precision": 0.9991906110886281,
      "recall": 0.9558652729384437,
      "accuracy": 0.9849350649350649,
      "classification_report": {
        "0": {
          "precision": 0.9781985083189902,
          "recall": 0.999609145983975,
          "f1-score": 0.9887879373670984,
          "support": 5117.0
        },
        "1": {
          "precision": 0.9991906110886281,
          "recall": 0.9558652729384437,
          "f1-score": 0.9770478828650574,
          "support": 2583.0
        },
        "accuracy": 0.9849350649350649,
        "macro avg": {
          "precision": 0.9886945597038092,
          "recall": 0.9777372094612093,
          "f1-score": 0.9829179101160779,
          "support": 7700.0
        },
        "weighted avg": {
          "precision": 0.9852404046117142,
          "recall": 0.9849350649350649,
          "f1-score": 0.9848496827205047,
          "support": 7700.0
        }
      },
      "y_pred": "[1 0 0 ... 1 0 0]",
      "y_pred_proba": "[[1.41835594e-04 9.99858164e-01]\n [1.00000000e+00 2.52112579e-22]\n [1.00000000e+00 4.56850143e-12]\n ...\n [2.54738126e-02 9.74526187e-01]\n [1.00000000e+00 8.82998843e-12]\n [1.00000000e+00 2.41608822e-12]]",
      "auc_roc": 0.9982121795589098,
      "tpr": 0.9558652729384437,
      "fpr": 0.00039085401602501464,
      "g_mean": 0.9774925417402104
    }
  },
  "model_info": {
    "best_params": {},
    "best_cv_score": 0.9735129460023589,
    "trained_model": "GaussianNB()"
  },
  "paths": {
    "plots": {}
  },
  "additional_info": {}
}