{
  "experiment_info": {
    "type": "single_model_grid_search",
    "model_name": "GaussianNB",
    "n_components": 200,
    "ratio": "x2",
    "version": 1,
    "suffix": "x2_v1_200_GaussianNB",
    "timestamp": "2025-07-04T19:55:31.082472"
  },
  "pca_info": {
    "n_components": 200,
    "explained_variance_ratio": 0.7482720870582513
  },
  "metrics": {
    "train": {
      "f1": 0.9734445540493788,
      "f1_score": 0.9641645038929926,
      "precision": 0.9870222767218475,
      "recall": 0.9423414634146341,
      "accuracy": 0.97668755479074,
      "classification_report": {
        "0": {
          "precision": 0.9718745538476181,
          "recall": 0.9938196505912696,
          "f1-score": 0.9827246042057649,
          "support": 20549.0
        },
        "1": {
          "precision": 0.9870222767218475,
          "recall": 0.9423414634146341,
          "f1-score": 0.9641645038929926,
          "support": 10250.0
        },
        "accuracy": 0.97668755479074,
        "macro avg": {
          "precision": 0.9794484152847328,
          "recall": 0.9680805570029518,
          "f1-score": 0.9734445540493788,
          "support": 30799.0
        },
        "weighted avg": {
          "precision": 0.9769157616615358,
          "recall": 0.97668755479074,
          "f1-score": 0.9765477468985173,
          "support": 30799.0
        }
      },
      "y_pred": "[0 1 0 ... 0 1 0]",
      "y_pred_proba": "[[1.00000000e+00 1.77808971e-20]\n [3.90610017e-04 9.99609390e-01]\n [9.99977632e-01 2.23683167e-05]\n ...\n [5.27210806e-01 4.72789194e-01]\n [4.27307781e-10 1.00000000e+00]\n [1.00000000e+00 1.70070906e-27]]",
      "auc_roc": 0.9957112102066566,
      "tpr": 0.9423414634146341,
      "fpr": 0.0061803494087303516,
      "g_mean": 0.967738324087869
    },
    "test": {
      "f1": 0.9779244806996887,
      "f1_score": 0.9703557312252964,
      "precision": 0.9911182882519176,
      "recall": 0.9504452187379017,
      "accuracy": 0.9805194805194806,
      "classification_report": {
        "0": {
          "precision": 0.9754930116791116,
          "recall": 0.9957006058237249,
          "f1-score": 0.9854932301740812,
          "support": 5117.0
        },
        "1": {
          "precision": 0.9911182882519176,
          "recall": 0.9504452187379017,
          "f1-score": 0.9703557312252964,
          "support": 2583.0
        },
        "accuracy": 0.9805194805194806,
        "macro avg": {
          "precision": 0.9833056499655146,
          "recall": 0.9730729122808133,
          "f1-score": 0.9779244806996887,
          "support": 7700.0
        },
        "weighted avg": {
          "precision": 0.9807345817294438,
          "recall": 0.9805194805194806,
          "f1-score": 0.9804152873448978,
          "support": 7700.0
        }
      },
      "y_pred": "[1 0 0 ... 1 0 0]",
      "y_pred_proba": "[[2.61211263e-07 9.99999739e-01]\n [1.00000000e+00 2.76820341e-22]\n [1.00000000e+00 1.28996287e-30]\n ...\n [3.69945955e-06 9.99996301e-01]\n [1.00000000e+00 1.73032738e-14]\n [9.99999984e-01 1.56016135e-08]]",
      "auc_roc": 0.9968485787205789,
      "tpr": 0.9504452187379017,
      "fpr": 0.004299394176275161,
      "g_mean": 0.9728097861861749
    }
  },
  "model_info": {
    "best_params": {},
    "best_cv_score": 0.9613707537011449,
    "trained_model": "GaussianNB()"
  },
  "paths": {
    "plots": {}
  },
  "additional_info": {}
}