{
  "experiment_info": {
    "type": "single_model_grid_search",
    "model_name": "AdaBoost",
    "n_components": 50,
    "ratio": "x2",
    "version": 1,
    "suffix": "x2_v1_50_AdaBoost",
    "timestamp": "2025-07-05T10:45:28.838709"
  },
  "pca_info": {
    "n_components": 50,
    "explained_variance_ratio": 0.4669635184410192
  },
  "metrics": {
    "train": {
      "f1": 1.0,
      "f1_score": 1.0,
      "precision": 1.0,
      "recall": 1.0,
      "accuracy": 1.0,
      "classification_report": {
        "0": {
          "precision": 1.0,
          "recall": 1.0,
          "f1-score": 1.0,
          "support": 20549.0
        },
        "1": {
          "precision": 1.0,
          "recall": 1.0,
          "f1-score": 1.0,
          "support": 10250.0
        },
        "accuracy": 1.0,
        "macro avg": {
          "precision": 1.0,
          "recall": 1.0,
          "f1-score": 1.0,
          "support": 30799.0
        },
        "weighted avg": {
          "precision": 1.0,
          "recall": 1.0,
          "f1-score": 1.0,
          "support": 30799.0
        }
      },
      "y_pred": "[0 1 0 ... 0 1 0]",
      "y_pred_proba": "[[0.66390039 0.33609961]\n [0.35935591 0.64064409]\n [0.62146875 0.37853125]\n ...\n [0.57143577 0.42856423]\n [0.34363203 0.65636797]\n [0.64117425 0.35882575]]",
      "auc_roc": 1.0,
      "tpr": 1.0,
      "fpr": 0.0,
      "g_mean": 1.0
    },
    "test": {
      "f1": 0.9938735496092825,
      "f1_score": 0.9918446601941747,
      "precision": 0.9949357226334242,
      "recall": 0.9887727448703059,
      "accuracy": 0.9945454545454545,
      "classification_report": {
        "0": {
          "precision": 0.9943502824858758,
          "recall": 0.9974594488958374,
          "f1-score": 0.9959024390243902,
          "support": 5117.0
        },
        "1": {
          "precision": 0.9949357226334242,
          "recall": 0.9887727448703059,
          "f1-score": 0.9918446601941747,
          "support": 2583.0
        },
        "accuracy": 0.9945454545454545,
        "macro avg": {
          "precision": 0.99464300255965,
          "recall": 0.9931160968830717,
          "f1-score": 0.9938735496092825,
          "support": 7700.0
        },
        "weighted avg": {
          "precision": 0.9945466710444625,
          "recall": 0.9945454545454545,
          "f1-score": 0.9945412386713453,
          "support": 7700.0
        }
      },
      "y_pred": "[1 0 0 ... 1 0 0]",
      "y_pred_proba": "[[0.36721131 0.63278869]\n [0.65424852 0.34575148]\n [0.68280511 0.31719489]\n ...\n [0.3497392  0.6502608 ]\n [0.65489023 0.34510977]\n [0.60761565 0.39238435]]",
      "auc_roc": 0.9995207763574326,
      "tpr": 0.9887727448703059,
      "fpr": 0.0025405511041625955,
      "g_mean": 0.9931065991028152
    }
  },
  "model_info": {
    "best_params": {
      "estimator__max_depth": 2,
      "learning_rate": 1.0,
      "n_estimators": 200
    },
    "best_cv_score": 0.9905451591193412,
    "trained_model": "AdaBoostClassifier(estimator=DecisionTreeClassifier(max_depth=2),\n                   n_estimators=200, random_state=0)"
  },
  "paths": {
    "plots": {}
  },
  "additional_info": {}
}