{
  "experiment_info": {
    "type": "single_model_grid_search",
    "model_name": "LogisticRegression",
    "n_components": 20,
    "ratio": "x2",
    "version": 1,
    "suffix": "x2_v1_20_LogisticRegression",
    "timestamp": "2025-07-05T06:15:35.106907"
  },
  "pca_info": {
    "n_components": 20,
    "explained_variance_ratio": 0.3343219629952956
  },
  "metrics": {
    "train": {
      "f1": 0.9884770453555896,
      "f1_score": 0.9845654738497838,
      "precision": 0.9921735684565088,
      "recall": 0.9770731707317073,
      "accuracy": 0.989804863794279,
      "classification_report": {
        "0": {
          "precision": 0.9886500845206472,
          "recall": 0.9961555306827583,
          "f1-score": 0.9923886168613952,
          "support": 20549.0
        },
        "1": {
          "precision": 0.9921735684565088,
          "recall": 0.9770731707317073,
          "f1-score": 0.9845654738497838,
          "support": 10250.0
        },
        "accuracy": 0.989804863794279,
        "macro avg": {
          "precision": 0.990411826488578,
          "recall": 0.9866143507072328,
          "f1-score": 0.9884770453555896,
          "support": 30799.0
        },
        "weighted avg": {
          "precision": 0.9898227105910579,
          "recall": 0.989804863794279,
          "f1-score": 0.9897850512953374,
          "support": 30799.0
        }
      },
      "y_pred": "[0 1 0 ... 0 1 0]",
      "y_pred_proba": "[[9.99972523e-01 2.74774970e-05]\n [1.09734010e-03 9.98902660e-01]\n [9.96898273e-01 3.10172688e-03]\n ...\n [9.97003648e-01 2.99635153e-03]\n [3.48759488e-04 9.99651241e-01]\n [9.97697636e-01 2.30236370e-03]]",
      "auc_roc": 0.998219090834638,
      "tpr": 0.9770731707317073,
      "fpr": 0.0038444693172417148,
      "g_mean": 0.9865682150293152
    },
    "test": {
      "f1": 0.9915232200375439,
      "f1_score": 0.9886939571150097,
      "precision": 0.9956811935610522,
      "recall": 0.9818041037553232,
      "accuracy": 0.9924675324675325,
      "classification_report": {
        "0": {
          "precision": 0.990879099553658,
          "recall": 0.9978503029118624,
          "f1-score": 0.9943524829600779,
          "support": 5117.0
        },
        "1": {
          "precision": 0.9956811935610522,
          "recall": 0.9818041037553232,
          "f1-score": 0.9886939571150097,
          "support": 2583.0
        },
        "accuracy": 0.9924675324675325,
        "macro avg": {
          "precision": 0.9932801465573551,
          "recall": 0.9898272033335929,
          "f1-score": 0.9915232200375439,
          "support": 7700.0
        },
        "weighted avg": {
          "precision": 0.9924899838161384,
          "recall": 0.9924675324675325,
          "f1-score": 0.9924543047447777,
          "support": 7700.0
        }
      },
      "y_pred": "[1 0 0 ... 1 0 0]",
      "y_pred_proba": "[[1.87755223e-03 9.98122448e-01]\n [9.99993594e-01 6.40605543e-06]\n [9.98644964e-01 1.35503632e-03]\n ...\n [1.16483426e-04 9.99883517e-01]\n [9.99691869e-01 3.08130651e-04]\n [9.99812035e-01 1.87964790e-04]]",
      "auc_roc": 0.9985498453493705,
      "tpr": 0.9818041037553232,
      "fpr": 0.0021496970881375805,
      "g_mean": 0.9897946869590475
    }
  },
  "model_info": {
    "best_params": {
      "C": 0.1,
      "solver": "liblinear"
    },
    "best_cv_score": 0.9845656032255015,
    "trained_model": "LogisticRegression(C=0.1, max_iter=2000, random_state=0, solver='liblinear')"
  },
  "paths": {
    "plots": {}
  },
  "additional_info": {}
}