{
  "experiment_info": {
    "type": "single_model_grid_search",
    "model_name": "LogisticRegression",
    "n_components": 50,
    "ratio": "x2",
    "version": 1,
    "suffix": "x2_v1_50_LogisticRegression",
    "timestamp": "2025-07-05T06:51:00.345820"
  },
  "pca_info": {
    "n_components": 50,
    "explained_variance_ratio": 0.4669717346409006
  },
  "metrics": {
    "train": {
      "f1": 0.9916115198542624,
      "f1_score": 0.9887838565900965,
      "precision": 0.992819907544015,
      "recall": 0.984780487804878,
      "accuracy": 0.992564693658885,
      "classification_report": {
        "0": {
          "precision": 0.9924389298177588,
          "recall": 0.9964475156941943,
          "f1-score": 0.9944391831184284,
          "support": 20549.0
        },
        "1": {
          "precision": 0.992819907544015,
          "recall": 0.984780487804878,
          "f1-score": 0.9887838565900965,
          "support": 10250.0
        },
        "accuracy": 0.992564693658885,
        "macro avg": {
          "precision": 0.9926294186808868,
          "recall": 0.9906140017495362,
          "f1-score": 0.9916115198542624,
          "support": 30799.0
        },
        "weighted avg": {
          "precision": 0.9925657203529751,
          "recall": 0.992564693658885,
          "f1-score": 0.992557073409821,
          "support": 30799.0
        }
      },
      "y_pred": "[0 1 0 ... 0 1 0]",
      "y_pred_proba": "[[9.99999650e-01 3.49905611e-07]\n [1.69634951e-04 9.99830365e-01]\n [9.97841545e-01 2.15845522e-03]\n ...\n [9.97627768e-01 2.37223248e-03]\n [9.63599765e-06 9.99990364e-01]\n [9.99944740e-01 5.52603299e-05]]",
      "auc_roc": 0.9993869928985922,
      "tpr": 0.984780487804878,
      "fpr": 0.0035524843058056354,
      "g_mean": 0.9905968254427668
    },
    "test": {
      "f1": 0.9935730970296933,
      "f1_score": 0.9914330218068536,
      "precision": 0.9972581276929103,
      "recall": 0.9856755710414247,
      "accuracy": 0.9942857142857143,
      "classification_report": {
        "0": {
          "precision": 0.9928113464153876,
          "recall": 0.9986320109439124,
          "f1-score": 0.9957131722525331,
          "support": 5117.0
        },
        "1": {
          "precision": 0.9972581276929103,
          "recall": 0.9856755710414247,
          "f1-score": 0.9914330218068536,
          "support": 2583.0
        },
        "accuracy": 0.9942857142857143,
        "macro avg": {
          "precision": 0.995034737054149,
          "recall": 0.9921537909926685,
          "f1-score": 0.9935730970296933,
          "support": 7700.0
        },
        "weighted avg": {
          "precision": 0.9943030394075747,
          "recall": 0.9942857142857143,
          "f1-score": 0.9942773763303006,
          "support": 7700.0
        }
      },
      "y_pred": "[1 0 0 ... 1 0 0]",
      "y_pred_proba": "[[2.06550778e-04 9.99793449e-01]\n [9.99999994e-01 6.11677318e-09]\n [9.99992188e-01 7.81153071e-06]\n ...\n [1.15069435e-05 9.99988493e-01]\n [9.99976514e-01 2.34856830e-05]\n [9.99996159e-01 3.84139699e-06]]",
      "auc_roc": 0.9993555372612272,
      "tpr": 0.9856755710414247,
      "fpr": 0.0013679890560875513,
      "g_mean": 0.9921326411561042
    }
  },
  "model_info": {
    "best_params": {
      "C": 1,
      "solver": "liblinear"
    },
    "best_cv_score": 0.9877994111994999,
    "trained_model": "LogisticRegression(C=1, max_iter=2000, random_state=0, solver='liblinear')"
  },
  "paths": {
    "plots": {}
  },
  "additional_info": {}
}