{
  "experiment_info": {
    "type": "single_model_grid_search",
    "model_name": "LogisticRegression",
    "n_components": 200,
    "ratio": "x2",
    "version": 1,
    "suffix": "x2_v1_200_LogisticRegression",
    "timestamp": "2025-07-05T10:19:16.188275"
  },
  "pca_info": {
    "n_components": 200,
    "explained_variance_ratio": 0.7484187590155952
  },
  "metrics": {
    "train": {
      "f1": 0.9941406440430793,
      "f1_score": 0.9921676130800862,
      "precision": 0.9956769502849283,
      "recall": 0.9886829268292683,
      "accuracy": 0.9948050261372122,
      "classification_report": {
        "0": {
          "precision": 0.9943746666020077,
          "recall": 0.9978587765828021,
          "f1-score": 0.9961136750060724,
          "support": 20549.0
        },
        "1": {
          "precision": 0.9956769502849283,
          "recall": 0.9886829268292683,
          "f1-score": 0.9921676130800862,
          "support": 10250.0
        },
        "accuracy": 0.9948050261372122,
        "macro avg": {
          "precision": 0.995025808443468,
          "recall": 0.9932708517060351,
          "f1-score": 0.9941406440430793,
          "support": 30799.0
        },
        "weighted avg": {
          "precision": 0.994808070535575,
          "recall": 0.9948050261372122,
          "f1-score": 0.9948004137072848,
          "support": 30799.0
        }
      },
      "y_pred": "[0 1 0 ... 0 1 0]",
      "y_pred_proba": "[[9.99998577e-01 1.42285411e-06]\n [3.96492577e-03 9.96035074e-01]\n [9.99109634e-01 8.90365527e-04]\n ...\n [9.98351813e-01 1.64818701e-03]\n [2.58662327e-04 9.99741338e-01]\n [9.97075981e-01 2.92401900e-03]]",
      "auc_roc": 0.9996026012778498,
      "tpr": 0.9886829268292683,
      "fpr": 0.002141223417197917,
      "g_mean": 0.9932602558212815
    },
    "test": {
      "f1": 0.9950395336661431,
      "f1_score": 0.9933954933954934,
      "precision": 0.9968810916179337,
      "recall": 0.9899341850561363,
      "accuracy": 0.9955844155844156,
      "classification_report": {
        "0": {
          "precision": 0.9949367088607595,
          "recall": 0.9984365839359,
          "f1-score": 0.9966835739367929,
          "support": 5117.0
        },
        "1": {
          "precision": 0.9968810916179337,
          "recall": 0.9899341850561363,
          "f1-score": 0.9933954933954934,
          "support": 2583.0
        },
        "accuracy": 0.9955844155844156,
        "macro avg": {
          "precision": 0.9959089002393466,
          "recall": 0.9941853844960181,
          "f1-score": 0.9950395336661431,
          "support": 7700.0
        },
        "weighted avg": {
          "precision": 0.995588960894757,
          "recall": 0.9955844155844156,
          "f1-score": 0.9955805723733933,
          "support": 7700.0
        }
      },
      "y_pred": "[1 0 0 ... 1 0 0]",
      "y_pred_proba": "[[1.00834238e-03 9.98991658e-01]\n [9.99996093e-01 3.90688371e-06]\n [9.99840940e-01 1.59059911e-04]\n ...\n [2.98766463e-04 9.99701234e-01]\n [9.97877982e-01 2.12201795e-03]\n [9.99800127e-01 1.99873270e-04]]",
      "auc_roc": 0.9995458194622149,
      "tpr": 0.9899341850561363,
      "fpr": 0.0015634160641000586,
      "g_mean": 0.9941762952559359
    }
  },
  "model_info": {
    "best_params": {
      "C": 0.1,
      "solver": "liblinear"
    },
    "best_cv_score": 0.9899607611991164,
    "trained_model": "LogisticRegression(C=0.1, max_iter=2000, random_state=0, solver='liblinear')"
  },
  "paths": {
    "plots": {}
  },
  "additional_info": {}
}