{
  "experiment_info": {
    "type": "single_model_grid_search",
    "model_name": "LogisticRegression",
    "n_components": 500,
    "ratio": "x2",
    "version": 1,
    "suffix": "x2_v1_500_LogisticRegression",
    "timestamp": "2025-07-05T20:22:37.450857"
  },
  "pca_info": {
    "n_components": 500,
    "explained_variance_ratio": 0.9637731264587506
  },
  "metrics": {
    "train": {
      "f1": 0.9962283186240256,
      "f1_score": 0.9949586412804072,
      "precision": 0.9983302229643454,
      "recall": 0.991609756097561,
      "accuracy": 0.9966557355758304,
      "classification_report": {
        "0": {
          "precision": 0.9958288873799592,
          "recall": 0.9991727091342645,
          "f1-score": 0.997497995967644,
          "support": 20549.0
        },
        "1": {
          "precision": 0.9983302229643454,
          "recall": 0.991609756097561,
          "f1-score": 0.9949586412804072,
          "support": 10250.0
        },
        "accuracy": 0.9966557355758304,
        "macro avg": {
          "precision": 0.9970795551721523,
          "recall": 0.9953912326159127,
          "f1-score": 0.9962283186240256,
          "support": 30799.0
        },
        "weighted avg": {
          "precision": 0.9966613393991792,
          "recall": 0.9966557355758304,
          "f1-score": 0.9966528910764406,
          "support": 30799.0
        }
      },
      "y_pred": "[0 1 0 ... 0 1 0]",
      "y_pred_proba": "[[9.99996305e-01 3.69534314e-06]\n [3.35759433e-04 9.99664241e-01]\n [9.99956779e-01 4.32210202e-05]\n ...\n [9.97060859e-01 2.93914099e-03]\n [2.66583420e-04 9.99733417e-01]\n [9.98388370e-01 1.61162996e-03]]",
      "auc_roc": 0.9998245336251601,
      "tpr": 0.991609756097561,
      "fpr": 0.0008272908657355589,
      "g_mean": 0.9953840497034133
    },
    "test": {
      "f1": 0.9941652853421739,
      "f1_score": 0.9922330097087378,
      "precision": 0.9953252824308532,
      "recall": 0.989159891598916,
      "accuracy": 0.9948051948051948,
      "classification_report": {
        "0": {
          "precision": 0.9945451003311904,
          "recall": 0.9976548759038499,
          "f1-score": 0.9960975609756098,
          "support": 5117.0
        },
        "1": {
          "precision": 0.9953252824308532,
          "recall": 0.989159891598916,
          "f1-score": 0.9922330097087378,
          "support": 2583.0
        },
        "accuracy": 0.9948051948051948,
        "macro avg": {
          "precision": 0.9949351913810218,
          "recall": 0.993407383751383,
          "f1-score": 0.9941652853421739,
          "support": 7700.0
        },
        "weighted avg": {
          "precision": 0.9948068159628045,
          "recall": 0.9948051948051948,
          "f1-score": 0.9948011796869956,
          "support": 7700.0
        }
      },
      "y_pred": "[1 0 0 ... 1 0 0]",
      "y_pred_proba": "[[3.07304725e-03 9.96926953e-01]\n [9.99995018e-01 4.98202181e-06]\n [9.99994707e-01 5.29317033e-06]\n ...\n [3.45360797e-04 9.99654639e-01]\n [9.98997038e-01 1.00296230e-03]\n [9.99929874e-01 7.01255837e-05]]",
      "auc_roc": 0.9994849896850402,
      "tpr": 0.989159891598916,
      "fpr": 0.002345124096150088,
      "g_mean": 0.993398303251109
    }
  },
  "model_info": {
    "best_params": {
      "C": 0.1,
      "solver": "lbfgs"
    },
    "best_cv_score": 0.9898567843068251,
    "trained_model": "LogisticRegression(C=0.1, max_iter=2000, random_state=0)"
  },
  "paths": {
    "plots": {}
  },
  "additional_info": {}
}