{
  "experiment_info": {
    "type": "single_model_grid_search",
    "model_name": "LogisticRegression",
    "n_components": 100,
    "ratio": "x2",
    "version": 1,
    "suffix": "x2_v1_100_LogisticRegression",
    "timestamp": "2025-07-05T07:58:23.578217"
  },
  "pca_info": {
    "n_components": 100,
    "explained_variance_ratio": 0.5978343070278438
  },
  "metrics": {
    "train": {
      "f1": 0.9931911834287135,
      "f1_score": 0.9909019761299158,
      "precision": 0.9936237002158133,
      "recall": 0.9881951219512195,
      "accuracy": 0.9939608428845093,
      "classification_report": {
        "0": {
          "precision": 0.9941276389225916,
          "recall": 0.9968368290427758,
          "f1-score": 0.9954803907275113,
          "support": 20549.0
        },
        "1": {
          "precision": 0.9936237002158133,
          "recall": 0.9881951219512195,
          "f1-score": 0.9909019761299158,
          "support": 10250.0
        },
        "accuracy": 0.9939608428845093,
        "macro avg": {
          "precision": 0.9938756695692024,
          "recall": 0.9925159754969977,
          "f1-score": 0.9931911834287135,
          "support": 30799.0
        },
        "weighted avg": {
          "precision": 0.9939599266025656,
          "recall": 0.9939608428845093,
          "f1-score": 0.9939566805542799,
          "support": 30799.0
        }
      },
      "y_pred": "[0 1 0 ... 0 1 0]",
      "y_pred_proba": "[[9.99999999e-01 1.37447310e-09]\n [1.03349988e-04 9.99896650e-01]\n [9.99956737e-01 4.32631513e-05]\n ...\n [9.99753931e-01 2.46068609e-04]\n [2.71734242e-06 9.99997283e-01]\n [9.99986012e-01 1.39881522e-05]]",
      "auc_roc": 0.9996095282068203,
      "tpr": 0.9881951219512195,
      "fpr": 0.0031631709572241956,
      "g_mean": 0.9925065701754285
    },
    "test": {
      "f1": 0.9935793306296781,
      "f1_score": 0.9914496696463272,
      "precision": 0.9953179867342957,
      "recall": 0.9876113046844754,
      "accuracy": 0.9942857142857143,
      "classification_report": {
        "0": {
          "precision": 0.993770683278178,
          "recall": 0.9976548759038499,
          "f1-score": 0.9957089916130291,
          "support": 5117.0
        },
        "1": {
          "precision": 0.9953179867342957,
          "recall": 0.9876113046844754,
          "f1-score": 0.9914496696463272,
          "support": 2583.0
        },
        "accuracy": 0.9942857142857143,
        "macro avg": {
          "precision": 0.9945443350062368,
          "recall": 0.9926330902941627,
          "f1-score": 0.9935793306296781,
          "support": 7700.0
        },
        "weighted avg": {
          "precision": 0.9942897332557302,
          "recall": 0.9942857142857143,
          "f1-score": 0.9942801826987446,
          "support": 7700.0
        }
      },
      "y_pred": "[1 0 0 ... 1 0 0]",
      "y_pred_proba": "[[8.36446515e-06 9.99991636e-01]\n [1.00000000e+00 2.28768278e-11]\n [9.99999976e-01 2.40052787e-08]\n ...\n [9.17559157e-07 9.99999082e-01]\n [9.99996757e-01 3.24284245e-06]\n [9.99999845e-01 1.55096154e-07]]",
      "auc_roc": 0.9995539906263128,
      "tpr": 0.9876113046844754,
      "fpr": 0.002345124096150088,
      "g_mean": 0.9926203874675503
    }
  },
  "model_info": {
    "best_params": {
      "C": 100,
      "solver": "lbfgs"
    },
    "best_cv_score": 0.9889955223578923,
    "trained_model": "LogisticRegression(C=100, max_iter=2000, random_state=0)"
  },
  "paths": {
    "plots": {}
  },
  "additional_info": {}
}